# Made in Blockbench 5.2.1
mtllib mekasuit_modules.mtl

o override_jetpack_chest_body_back_exo_brace_pack
v 0.125 1.71875 0.34375
v 0.125 1.71875 0.21875
v 0.125 1.28125 0.34375
v 0.125 1.28125 0.21875
v -0.125 1.71875 0.21875
v -0.125 1.71875 0.34375
v -0.125 1.28125 0.21875
v -0.125 1.28125 0.34375
vt 0.34375 0.34375
vt 0.46875 0.34375
vt 0.46875 0.125
vt 0.34375 0.125
vt 0.40625 0.34375
vt 0.46875 0.34375
vt 0.46875 0.125
vt 0.40625 0.125
vt 0.34375 0.34375
vt 0.46875 0.34375
vt 0.46875 0.125
vt 0.34375 0.125
vt 0.34375 0.34375
vt 0.40625 0.34375
vt 0.40625 0.125
vt 0.34375 0.125
vt 0.34375 0.4375
vt 0.46875 0.4375
vt 0.46875 0.375
vt 0.34375 0.375
vt 0.34375 0.25
vt 0.46875 0.25
vt 0.46875 0.125
vt 0.34375 0.125
vn 0 0 -1
vn 1 0 0
vn 0 0 1
vn -1 0 0
vn 0 1 0
vn 0 -1 0
usemtl gravitational_modulator
f 4/4/1 7/3/1 5/2/1 2/1/1
f 3/8/2 4/7/2 2/6/2 1/5/2
f 8/12/3 3/11/3 1/10/3 6/9/3
f 7/16/4 8/15/4 6/14/4 5/13/4
f 6/20/5 1/19/5 2/18/5 5/17/5
f 7/24/6 4/23/6 3/22/6 8/21/6
o jetpack_body_connector
v 0.1875 1.4684375000000003 0.2821128313692659
v 0.1875 1.4684375000000003 0.09398783136926592
v 0.1875 1.1553125 0.2821128313692659
v 0.1875 1.1553125 0.09398783136926592
v -0.1875 1.4684375000000003 0.09398783136926592
v -0.1875 1.4684375000000003 0.2821128313692659
v -0.1875 1.1553125 0.09398783136926592
v -0.1875 1.1553125 0.2821128313692659
vt 0.03125 0.15625
vt 0.21875 0.15625
vt 0.21875 0
vt 0.03125 0
vt 0.125 0.15625
vt 0.21875 0.15625
vt 0.21875 0
vt 0.125 0
vt 0.03125 0.15625
vt 0.21875 0.15625
vt 0.21875 0
vt 0.03125 0
vt 0.03125 0.15625
vt 0.125 0.15625
vt 0.125 0
vt 0.03125 0
vt 0.03125 0.15625
vt 0.21875 0.15625
vt 0.21875 0.0625
vt 0.03125 0.0625
vt 0.03125 0.0625
vt 0.21875 0.0625
vt 0.21875 0
vt 0.03125 0
vn 0 0 -1
vn 1 0 0
vn 0 0 1
vn -1 0 0
vn 0 1 0
vn 0 -1 0
usemtl modules
f 12/28/7 15/27/7 13/26/7 10/25/7
f 11/32/8 12/31/8 10/30/8 9/29/8
f 16/36/9 11/35/9 9/34/9 14/33/9
f 15/40/10 16/39/10 14/38/10 13/37/10
f 14/44/11 9/43/11 10/42/11 13/41/11
f 15/48/12 12/47/12 11/46/12 16/45/12
o jetpack_body_rod1
v -0.09375 1.5843078803393607 0.4597989215700389
v -0.09375 1.5951608914435438 0.39824843700677587
v -0.09375 1.2765554575230458 0.4055338660491231
v -0.09375 1.2874084686272287 0.34398338148586016
v -0.15625 1.5951608914435438 0.39824843700677587
v -0.15625 1.5843078803393607 0.4597989215700389
v -0.15625 1.2874084686272287 0.34398338148586016
v -0.15625 1.2765554575230458 0.4055338660491231
vt 0.53125 0.40625
vt 0.5625 0.40625
vt 0.5625 0.25
vt 0.53125 0.25
vt 0.53125 0.40625
vt 0.5625 0.40625
vt 0.5625 0.25
vt 0.53125 0.25
vt 0.53125 0.40625
vt 0.5625 0.40625
vt 0.5625 0.25
vt 0.53125 0.25
vt 0.53125 0.40625
vt 0.5625 0.40625
vt 0.5625 0.25
vt 0.53125 0.25
vn 1 0 0
vn 0 -0.17364817766693033 0.984807753012208
vn -1 0 0
vn 0 0.984807753012208 0.17364817766693033
usemtl modules
f 19/52/13 20/51/13 18/50/13 17/49/13
f 24/56/14 19/55/14 17/54/14 22/53/14
f 23/60/15 24/59/15 22/58/15 21/57/15
f 22/64/16 17/63/16 18/62/16 21/61/16
o jetpack_body_rod2
v 0.15625 1.5843078803393607 0.4597989215700389
v 0.15625 1.5951608914435438 0.39824843700677587
v 0.15625 1.2765554575230458 0.4055338660491231
v 0.15625 1.2874084686272287 0.34398338148586016
v 0.09375 1.5951608914435438 0.39824843700677587
v 0.09375 1.5843078803393607 0.4597989215700389
v 0.09375 1.2874084686272287 0.34398338148586016
v 0.09375 1.2765554575230458 0.4055338660491231
vt 0.53125 0.40625
vt 0.5625 0.40625
vt 0.5625 0.25
vt 0.53125 0.25
vt 0.53125 0.40625
vt 0.5625 0.40625
vt 0.5625 0.25
vt 0.53125 0.25
vt 0.53125 0.40625
vt 0.5625 0.40625
vt 0.5625 0.25
vt 0.53125 0.25
vt 0.53125 0.40625
vt 0.5625 0.40625
vt 0.5625 0.25
vt 0.53125 0.25
vn 1 0 0
vn 0 -0.17364817766693033 0.984807753012208
vn -1 0 0
vn 0 0.984807753012208 0.17364817766693033
usemtl modules
f 27/68/17 28/67/17 26/66/17 25/65/17
f 32/72/18 27/71/18 25/70/18 30/69/18
f 31/76/19 32/75/19 30/74/19 29/73/19
f 30/80/20 25/79/20 26/78/20 29/77/20
o jetpack_body_left_canister
v -0.03125 1.65625 0.40625
v -0.03125 1.65625 0.21875
v -0.03125 1.21875 0.40625
v -0.03125 1.21875 0.21875
v -0.21875 1.65625 0.21875
v -0.21875 1.65625 0.40625
v -0.21875 1.21875 0.21875
v -0.21875 1.21875 0.40625
vt 0.21875 0.25
vt 0.34375 0.25
vt 0.34375 0.03125
vt 0.21875 0.03125
vt 0.15625 0.25
vt 0.21875 0.25
vt 0.21875 0.03125
vt 0.15625 0.03125
vt 0.09375 0.25
vt 0.1875 0.25
vt 0.1875 0.03125
vt 0.09375 0.03125
vt 0.25 0.25
vt 0.3125 0.25
vt 0.3125 0.03125
vt 0.25 0.03125
vt 0.34375 0.40625
vt 0.21875 0.40625
vt 0.21875 0.46875
vt 0.34375 0.46875
vt 0.125 0.0625
vt 0.25 0.0625
vt 0.25 0
vt 0.125 0
vn 0 0 -1
vn 1 0 0
vn 0 0 1
vn -1 0 0
vn 0 1 0
vn 0 -1 0
usemtl modules
f 36/84/21 39/83/21 37/82/21 34/81/21
f 35/88/22 36/87/22 34/86/22 33/85/22
f 40/92/23 35/91/23 33/90/23 38/89/23
f 39/96/24 40/95/24 38/94/24 37/93/24
f 38/100/25 33/99/25 34/98/25 37/97/25
f 39/104/26 36/103/26 35/102/26 40/101/26
o jetpack_body_right_canister
v 0.21875 1.65625 0.40625
v 0.21875 1.65625 0.21875
v 0.21875 1.21875 0.40625
v 0.21875 1.21875 0.21875
v 0.03125 1.65625 0.21875
v 0.03125 1.65625 0.40625
v 0.03125 1.21875 0.21875
v 0.03125 1.21875 0.40625
vt 0.21875 0.25
vt 0.34375 0.25
vt 0.34375 0.03125
vt 0.21875 0.03125
vt 0.25 0.25
vt 0.3125 0.25
vt 0.3125 0.03125
vt 0.25 0.03125
vt 0.0625 0.25
vt 0.15625 0.25
vt 0.15625 0.03125
vt 0.0625 0.03125
vt 0.15625 0.25
vt 0.21875 0.25
vt 0.21875 0.03125
vt 0.15625 0.03125
vt 0.34375 0.40625
vt 0.21875 0.40625
vt 0.21875 0.46875
vt 0.34375 0.46875
vt 0.125 0.0625
vt 0.25 0.0625
vt 0.25 0
vt 0.125 0
vn 0 0 -1
vn 1 0 0
vn 0 0 1
vn -1 0 0
vn 0 1 0
vn 0 -1 0
usemtl modules
f 44/108/27 47/107/27 45/106/27 42/105/27
f 43/112/28 44/111/28 42/110/28 41/109/28
f 48/116/29 43/115/29 41/114/29 46/113/29
f 47/120/30 48/119/30 46/118/30 45/117/30
f 46/124/31 41/123/31 42/122/31 45/121/31
f 47/128/32 44/127/32 43/126/32 48/125/32
o jetpack_body_right_jet
v 0.1878125 1.21875 0.375
v 0.1878125 1.21875 0.25
v 0.1878125 1.09375 0.375
v 0.1878125 1.09375 0.25
v 0.0628125 1.21875 0.25
v 0.0628125 1.21875 0.375
v 0.0628125 1.09375 0.25
v 0.0628125 1.09375 0.375
vt 0.28125 0.34375
vt 0.34375 0.34375
vt 0.34375 0.40625
vt 0.28125 0.40625
vt 0.28125 0.34375
vt 0.34375 0.34375
vt 0.34375 0.40625
vt 0.28125 0.40625
vt 0.25 0.34375
vt 0.3125 0.34375
vt 0.3125 0.40625
vt 0.25 0.40625
vt 0.28125 0.34375
vt 0.34375 0.34375
vt 0.34375 0.40625
vt 0.28125 0.40625
vt 0.25 0.3125
vt 0.3125 0.3125
vt 0.3125 0.375
vt 0.25 0.375
vn 0 0 -1
vn 1 0 0
vn 0 0 1
vn -1 0 0
vn 0 -1 0
usemtl modules
f 52/132/33 55/131/33 53/130/33 50/129/33
f 51/136/34 52/135/34 50/134/34 49/133/34
f 56/140/35 51/139/35 49/138/35 54/137/35
f 55/144/36 56/143/36 54/142/36 53/141/36
f 55/148/37 52/147/37 51/146/37 56/145/37
o jetpack_body_left_jet
v -0.0628125 1.21875 0.375
v -0.0628125 1.21875 0.25
v -0.0628125 1.09375 0.375
v -0.0628125 1.09375 0.25
v -0.1878125 1.21875 0.25
v -0.1878125 1.21875 0.375
v -0.1878125 1.09375 0.25
v -0.1878125 1.09375 0.375
vt 0.25 0.34375
vt 0.3125 0.34375
vt 0.3125 0.40625
vt 0.25 0.40625
vt 0.25 0.34375
vt 0.3125 0.34375
vt 0.3125 0.40625
vt 0.25 0.40625
vt 0.25 0.34375
vt 0.3125 0.34375
vt 0.3125 0.40625
vt 0.25 0.40625
vt 0.25 0.34375
vt 0.3125 0.34375
vt 0.3125 0.40625
vt 0.25 0.40625
vt 0.25 0.3125
vt 0.3125 0.3125
vt 0.3125 0.375
vt 0.25 0.375
vn 0 0 -1
vn 1 0 0
vn 0 0 1
vn -1 0 0
vn 0 -1 0
usemtl modules
f 60/152/38 63/151/38 61/150/38 58/149/38
f 59/156/39 60/155/39 58/154/39 57/153/39
f 64/160/40 59/159/40 57/158/40 62/157/40
f 63/164/41 64/163/41 62/162/41 61/161/41
f 63/168/42 60/167/42 59/166/42 64/165/42
o jetpack_body_left_wing
v -0.15625 1.59375 0.3125
v -0.15625 1.59375 0.25
v -0.15625 1.15625 0.3125
v -0.15625 1.15625 0.25
v -0.28125 1.59375 0.25
v -0.28125 1.59375 0.3125
v -0.28125 1.15625 0.25
v -0.28125 1.15625 0.3125
vt 0.28125 0
vt 0.34375 0
vt 0.34375 0.0625
vt 0.28125 0.0625
vt 0.28125 0
vt 0.34375 0
vt 0.34375 0.0625
vt 0.28125 0.0625
vt 0.28125 0
vt 0.34375 0
vt 0.34375 0.0625
vt 0.28125 0.0625
vt 0.28125 0
vt 0.34375 0
vt 0.34375 0.0625
vt 0.28125 0.0625
vt 0.28125 0
vt 0.34375 0
vt 0.34375 0.0625
vt 0.28125 0.0625
vt 0.28125 0
vt 0.34375 0
vt 0.34375 0.0625
vt 0.28125 0.0625
vn 0 0 -1
vn 1 0 0
vn 0 0 1
vn -1 0 0
vn 0 1 0
vn 0 -1 0
usemtl modules
f 68/172/43 71/171/43 69/170/43 66/169/43
f 67/176/44 68/175/44 66/174/44 65/173/44
f 72/180/45 67/179/45 65/178/45 70/177/45
f 71/184/46 72/183/46 70/182/46 69/181/46
f 70/188/47 65/187/47 66/186/47 69/185/47
f 71/192/48 68/191/48 67/190/48 72/189/48
o jetpack_body_right_way
v 0.28125 1.59375 0.3125
v 0.28125 1.59375 0.25
v 0.28125 1.15625 0.3125
v 0.28125 1.15625 0.25
v 0.15625 1.59375 0.25
v 0.15625 1.59375 0.3125
v 0.15625 1.15625 0.25
v 0.15625 1.15625 0.3125
vt 0.28125 0
vt 0.34375 0
vt 0.34375 0.0625
vt 0.28125 0.0625
vt 0.28125 0
vt 0.34375 0
vt 0.34375 0.0625
vt 0.28125 0.0625
vt 0.28125 0
vt 0.34375 0
vt 0.34375 0.0625
vt 0.28125 0.0625
vt 0.28125 0
vt 0.34375 0
vt 0.34375 0.0625
vt 0.28125 0.0625
vn 0 0 -1
vn 0 0 1
vn 0 1 0
vn 0 -1 0
usemtl modules
f 76/196/49 79/195/49 77/194/49 74/193/49
f 80/200/50 75/199/50 73/198/50 78/197/50
f 78/204/51 73/203/51 74/202/51 77/201/51
f 79/208/52 76/207/52 75/206/52 80/205/52
o jetpack_body_left_stabilizer
v -0.25 1.625 0.34375
v -0.25 1.625 0.21875
v -0.25 1.125 0.34375
v -0.25 1.125 0.21875
v -0.375 1.625 0.21875
v -0.375 1.625 0.34375
v -0.375 1.125 0.21875
v -0.375 1.125 0.34375
vt 0.4375 0.28125
vt 0.5 0.28125
vt 0.5 0.03125
vt 0.4375 0.03125
vt 0.4375 0.28125
vt 0.5 0.28125
vt 0.5 0.03125
vt 0.4375 0.03125
vt 0.40625 0.28125
vt 0.46875 0.28125
vt 0.46875 0.03125
vt 0.40625 0.03125
vt 0.46875 0.28125
vt 0.40625 0.28125
vt 0.40625 0.03125
vt 0.46875 0.03125
vt 0.375 0.46875
vt 0.4375 0.46875
vt 0.4375 0.40625
vt 0.375 0.40625
vt 0.40625 0.0625
vt 0.46875 0.0625
vt 0.46875 0.03125
vt 0.40625 0.03125
vn 0 0 -1
vn 1 0 0
vn 0 0 1
vn -1 0 0
vn 0 1 0
vn 0 -1 0
usemtl modules
f 84/212/53 87/211/53 85/210/53 82/209/53
f 83/216/54 84/215/54 82/214/54 81/213/54
f 88/220/55 83/219/55 81/218/55 86/217/55
f 87/224/56 88/223/56 86/222/56 85/221/56
f 86/228/57 81/227/57 82/226/57 85/225/57
f 87/232/58 84/231/58 83/230/58 88/229/58
o jetpack_body_right_stabilizer
v 0.375 1.625 0.34375
v 0.375 1.625 0.21875
v 0.375 1.125 0.34375
v 0.375 1.125 0.21875
v 0.25 1.625 0.21875
v 0.25 1.625 0.34375
v 0.25 1.125 0.21875
v 0.25 1.125 0.34375
vt 0.4375 0.28125
vt 0.5 0.28125
vt 0.5 0.03125
vt 0.4375 0.03125
vt 0.40625 0.28125
vt 0.46875 0.28125
vt 0.46875 0.03125
vt 0.40625 0.03125
vt 0.46875 0.28125
vt 0.40625 0.28125
vt 0.40625 0.03125
vt 0.46875 0.03125
vt 0.5 0.28125
vt 0.4375 0.28125
vt 0.4375 0.03125
vt 0.5 0.03125
vt 0.375 0.46875
vt 0.4375 0.46875
vt 0.4375 0.40625
vt 0.375 0.40625
vt 0.40625 0.0625
vt 0.46875 0.0625
vt 0.46875 0.03125
vt 0.40625 0.03125
vn 0 0 -1
vn 1 0 0
vn 0 0 1
vn -1 0 0
vn 0 1 0
vn 0 -1 0
usemtl modules
f 92/236/59 95/235/59 93/234/59 90/233/59
f 91/240/60 92/239/60 90/238/60 89/237/60
f 96/244/61 91/243/61 89/242/61 94/241/61
f 95/248/62 96/247/62 94/246/62 93/245/62
f 94/252/63 89/251/63 90/250/63 93/249/63
f 95/256/64 92/255/64 91/254/64 96/253/64
o jetpack_body_led1
v 0.06218750000000001 1.53125 0.37468750000000006
v 0.06218750000000001 1.53125 0.31218750000000006
v 0.06218750000000001 1.46875 0.37468750000000006
v 0.06218750000000001 1.46875 0.31218750000000006
v -0.0628125 1.53125 0.31218750000000006
v -0.0628125 1.53125 0.37468750000000006
v -0.0628125 1.46875 0.31218750000000006
v -0.0628125 1.46875 0.37468750000000006
vt 0 0.9375
vt 0.0625 0.9375
vt 0.0625 1
vt 0 1
vt 0 0.9375
vt 0.0625 0.9375
vt 0.0625 1
vt 0 1
vt 0 0.9375
vt 0.0625 0.9375
vt 0.0625 1
vt 0 1
vn 0 0 1
vn 0 1 0
vn 0 -1 0
usemtl modules_led
f 104/260/65 99/259/65 97/258/65 102/257/65
f 102/264/66 97/263/66 98/262/66 101/261/66
f 103/268/67 100/267/67 99/266/67 104/265/67
o jetpack_body_led2
v 0.06218750000000001 1.40625 0.37468750000000006
v 0.06218750000000001 1.40625 0.31218750000000006
v 0.06218750000000001 1.34375 0.37468750000000006
v 0.06218750000000001 1.34375 0.31218750000000006
v -0.0628125 1.40625 0.31218750000000006
v -0.0628125 1.40625 0.37468750000000006
v -0.0628125 1.34375 0.31218750000000006
v -0.0628125 1.34375 0.37468750000000006
vt 0 0.9375
vt 0.0625 0.9375
vt 0.0625 1
vt 0 1
vt 0 0.9375
vt 0.0625 0.9375
vt 0.0625 1
vt 0 1
vt 0 0.9375
vt 0.0625 0.9375
vt 0.0625 1
vt 0 1
vn 0 0 1
vn 0 1 0
vn 0 -1 0
usemtl modules_led
f 112/272/68 107/271/68 105/270/68 110/269/68
f 110/276/69 105/275/69 106/274/69 109/273/69
f 111/280/70 108/279/70 107/278/70 112/277/70
o modulator_body_back
v 0.1875 1.53125 0.345
v 0.1875 1.53125 0.21999999999999997
v 0.1875 1.09375 0.345
v 0.1875 1.09375 0.21999999999999997
v -0.1875 1.53125 0.21999999999999997
v -0.1875 1.53125 0.345
v -0.1875 1.09375 0.21999999999999997
v -0.1875 1.09375 0.345
vt 0.03125 0.4375
vt 0.21875 0.4375
vt 0.21875 0.21875
vt 0.03125 0.21875
vt 0.4375 0.375
vt 0.5 0.375
vt 0.5 0.15625
vt 0.4375 0.15625
vt 0.03125 0.34375
vt 0.21875 0.34375
vt 0.21875 0.125
vt 0.03125 0.125
vt 0.3125 0.375
vt 0.375 0.375
vt 0.375 0.15625
vt 0.3125 0.15625
vt 0.03125 0.4375
vt 0.21875 0.4375
vt 0.21875 0.375
vt 0.03125 0.375
vt 0.03125 0.09375
vt 0.21875 0.09375
vt 0.21875 0.03125
vt 0.03125 0.03125
vn 0 0 -1
vn 1 0 0
vn 0 0 1
vn -1 0 0
vn 0 1 0
vn 0 -1 0
usemtl gravitational_modulator
f 116/284/71 119/283/71 117/282/71 114/281/71
f 115/288/72 116/287/72 114/286/72 113/285/72
f 120/292/73 115/291/73 113/290/73 118/289/73
f 119/296/74 120/295/74 118/294/74 117/293/74
f 118/300/75 113/299/75 114/298/75 117/297/75
f 119/304/76 116/303/76 115/302/76 120/301/76
o modulator_body_panel
v 0.25 1.4059375 0.281875
v 0.25 1.4059375 0.219375
v 0.25 1.0934375 0.281875
v 0.25 1.0934375 0.219375
v -0.25 1.4059375 0.219375
v -0.25 1.4059375 0.281875
v -0.25 1.0934375 0.219375
v -0.25 1.0934375 0.281875
vt 0.34375 0.3125
vt 0.375 0.3125
vt 0.375 0.15625
vt 0.34375 0.15625
vt 0.34375 0.3125
vt 0.375 0.3125
vt 0.375 0.15625
vt 0.34375 0.15625
vt 0.34375 0.3125
vt 0.375 0.3125
vt 0.375 0.15625
vt 0.34375 0.15625
vt 0.34375 0.3125
vt 0.375 0.3125
vt 0.375 0.15625
vt 0.34375 0.15625
vt 0.3125 0.375
vt 0.5 0.375
vt 0.5 0.34375
vt 0.3125 0.34375
vt 0.3125 0.125
vt 0.5 0.125
vt 0.5 0.09375
vt 0.3125 0.09375
vn 0 0 -1
vn 1 0 0
vn 0 0 1
vn -1 0 0
vn 0 1 0
vn 0 -1 0
usemtl gravitational_modulator
f 124/308/77 127/307/77 125/306/77 122/305/77
f 123/312/78 124/311/78 122/310/78 121/309/78
f 128/316/79 123/315/79 121/314/79 126/313/79
f 127/320/80 128/319/80 126/318/80 125/317/80
f 126/324/81 121/323/81 122/322/81 125/321/81
f 127/328/82 124/327/82 123/326/82 128/325/82
o modulator_body_glass_tank
v 0.1875 1.40625 0.46875
v 0.1875 1.40625 0.34375
v 0.1875 1.09375 0.46875
v 0.1875 1.09375 0.34375
v -0.1875 1.40625 0.34375
v -0.1875 1.40625 0.46875
v -0.1875 1.09375 0.34375
v -0.1875 1.09375 0.46875
vt 0.9375 1
vt 1 1
vt 1 0.8125
vt 0.9375 0.8125
vt 0.84375 1
vt 1 1
vt 1 0.8125
vt 0.84375 0.8125
vt 0.9375 1
vt 1 1
vt 1 0.8125
vt 0.9375 0.8125
vn 1 0 0
vn 0 0 1
vn -1 0 0
usemtl gravitational_modulator
f 131/332/83 132/331/83 130/330/83 129/329/83
f 136/336/84 131/335/84 129/334/84 134/333/84
f 135/340/85 136/339/85 134/338/85 133/337/85
o modulator_body_top
v 0.1875 1.53125 0.46875
v 0.1875 1.53125 0.34375
v 0.1875 1.40625 0.46875
v 0.1875 1.40625 0.34375
v -0.1875 1.53125 0.34375
v -0.1875 1.53125 0.46875
v -0.1875 1.40625 0.34375
v -0.1875 1.40625 0.46875
vt 0.3125 0.375
vt 0.375 0.375
vt 0.375 0.3125
vt 0.3125 0.3125
vt 0.3125 0.375
vt 0.5 0.375
vt 0.5 0.3125
vt 0.3125 0.3125
vt 0.4375 0.375
vt 0.5 0.375
vt 0.5 0.3125
vt 0.4375 0.3125
vt 0.21875 0.375
vt 0.03125 0.375
vt 0.03125 0.4375
vt 0.21875 0.4375
vt 0.03125 0.4375
vt 0.21875 0.4375
vt 0.21875 0.375
vt 0.03125 0.375
vn 1 0 0
vn 0 0 1
vn -1 0 0
vn 0 1 0
vn 0 -1 0
usemtl gravitational_modulator
f 139/344/86 140/343/86 138/342/86 137/341/86
f 144/348/87 139/347/87 137/346/87 142/345/87
f 143/352/88 144/351/88 142/350/88 141/349/88
f 142/356/89 137/355/89 138/354/89 141/353/89
f 143/360/90 140/359/90 139/358/90 144/357/90
o modulator_body_bottom
v 0.1875 1.09375 0.46875
v 0.1875 1.09375 0.09375
v 0.1875 0.96875 0.46875
v 0.1875 0.96875 0.09375
v -0.1875 1.09375 0.09375
v -0.1875 1.09375 0.46875
v -0.1875 0.96875 0.09375
v -0.1875 0.96875 0.46875
vt 0.03125 0.46875
vt 0.21875 0.46875
vt 0.21875 0.40625
vt 0.03125 0.40625
vt 0.5 0.28125
vt 0.3125 0.28125
vt 0.3125 0.21875
vt 0.5 0.21875
vt 0.3125 0.34375
vt 0.5 0.34375
vt 0.5 0.28125
vt 0.3125 0.28125
vt 0.3125 0.34375
vt 0.5 0.34375
vt 0.5 0.28125
vt 0.3125 0.28125
vt 0.21875 0.25
vt 0.03125 0.25
vt 0.03125 0.4375
vt 0.21875 0.4375
vt 0.3125 0.375
vt 0.5 0.375
vt 0.5 0.1875
vt 0.3125 0.1875
vn 0 0 -1
vn 1 0 0
vn 0 0 1
vn -1 0 0
vn 0 1 0
vn 0 -1 0
usemtl gravitational_modulator
f 148/364/91 151/363/91 149/362/91 146/361/91
f 147/368/92 148/367/92 146/366/92 145/365/92
f 152/372/93 147/371/93 145/370/93 150/369/93
f 151/376/94 152/375/94 150/374/94 149/373/94
f 150/380/95 145/379/95 146/378/95 149/377/95
f 151/384/96 148/383/96 147/382/96 152/381/96
o modulator_body_brace_middle1
v 0.0625 1.15625 0.40625
v 0.0625 1.15625 0.34375
v 0.0625 0.90625 0.40625
v 0.0625 0.90625 0.34375
v -0.0625 1.15625 0.34375
v -0.0625 1.15625 0.40625
v -0.0625 0.90625 0.34375
v -0.0625 0.90625 0.40625
vt 0.90625 0.46875
vt 0.9375 0.46875
vt 0.9375 0.34375
vt 0.90625 0.34375
vt 0.84375 0.46875
vt 0.90625 0.46875
vt 0.90625 0.34375
vt 0.84375 0.34375
vt 0.8125 0.46875
vt 0.84375 0.46875
vt 0.84375 0.34375
vt 0.8125 0.34375
vt 0.84375 0.46875
vt 0.90625 0.46875
vt 0.90625 0.34375
vt 0.84375 0.34375
vt 0.84375 0.375
vt 0.90625 0.375
vt 0.90625 0.34375
vt 0.84375 0.34375
vn 1 0 0
vn 0 0 1
vn -1 0 0
vn 0 1 0
vn 0 -1 0
usemtl gravitational_modulator
f 155/388/97 156/387/97 154/386/97 153/385/97
f 160/392/98 155/391/98 153/390/98 158/389/98
f 159/396/99 160/395/99 158/394/99 157/393/99
f 158/400/100 153/399/100 154/398/100 157/397/100
f 159/404/101 156/403/101 155/402/101 160/401/101
o modulator_body_brace_middle2
v 0.0625 1.40625 0.40625
v 0.0625 1.40625 0.34375
v 0.0625 1.34375 0.40625
v 0.0625 1.34375 0.34375
v -0.0625 1.40625 0.34375
v -0.0625 1.40625 0.40625
v -0.0625 1.34375 0.34375
v -0.0625 1.34375 0.40625
vt 0.90625 0.46875
vt 0.9375 0.46875
vt 0.9375 0.34375
vt 0.90625 0.34375
vt 0.84375 0.46875
vt 0.90625 0.46875
vt 0.90625 0.34375
vt 0.84375 0.34375
vt 0.8125 0.46875
vt 0.84375 0.46875
vt 0.84375 0.34375
vt 0.8125 0.34375
vt 0.84375 0.46875
vt 0.90625 0.46875
vt 0.90625 0.34375
vt 0.84375 0.34375
vn 1 0 0
vn 0 0 1
vn -1 0 0
vn 0 -1 0
usemtl gravitational_modulator
f 163/408/102 164/407/102 162/406/102 161/405/102
f 168/412/103 163/411/103 161/410/103 166/409/103
f 167/416/104 168/415/104 166/414/104 165/413/104
f 167/420/105 164/419/105 163/418/105 168/417/105
o modulator_body_brace_middle3
v 0.061875 0.96875 0.34375
v 0.061875 0.96875 0.15625
v 0.061875 0.90625 0.34375
v 0.061875 0.90625 0.15625
v -0.06187500000000001 0.96875 0.15625
v -0.06187500000000001 0.96875 0.34375
v -0.06187500000000001 0.90625 0.15625
v -0.06187500000000001 0.90625 0.34375
vt 0.90625 0.46875
vt 0.9375 0.46875
vt 0.9375 0.34375
vt 0.90625 0.34375
vt 0.8125 0.46875
vt 0.84375 0.46875
vt 0.84375 0.34375
vt 0.8125 0.34375
vt 0.84375 0.46875
vt 0.90625 0.46875
vt 0.90625 0.34375
vt 0.84375 0.34375
vn 1 0 0
vn -1 0 0
vn 0 -1 0
usemtl gravitational_modulator
f 171/424/106 172/423/106 170/422/106 169/421/106
f 175/428/107 176/427/107 174/426/107 173/425/107
f 175/432/108 172/431/108 171/430/108 176/429/108
o modulator_body_led_1
v -0.015625 1.40625 0.375
v -0.015625 1.40625 0.359375
v -0.015625 1.09375 0.375
v -0.015625 1.09375 0.359375
v -0.03125 1.40625 0.359375
v -0.03125 1.40625 0.375
v -0.03125 1.09375 0.359375
v -0.03125 1.09375 0.375
vt 0 1
vt 0.0625 1
vt 0.0625 0.9375
vt 0 0.9375
vt 0 1
vt 0.0625 1
vt 0.0625 0.9375
vt 0 0.9375
vt 0 1
vt 0.0625 1
vt 0.0625 0.9375
vt 0 0.9375
vt 0 1
vt 0.0625 1
vt 0.0625 0.9375
vt 0 0.9375
vn 0 0 -1
vn 1 0 0
vn 0 0 1
vn -1 0 0
usemtl gravitational_modulator_led
f 180/436/109 183/435/109 181/434/109 178/433/109
f 179/440/110 180/439/110 178/438/110 177/437/110
f 184/444/111 179/443/111 177/442/111 182/441/111
f 183/448/112 184/447/112 182/446/112 181/445/112
o modulator_body_led_2
v 0.028125000000000004 1.40625 0.375
v 0.028125000000000004 1.40625 0.359375
v 0.028125000000000004 1.09375 0.375
v 0.028125000000000004 1.09375 0.359375
v 0.012500000000000002 1.40625 0.359375
v 0.012500000000000002 1.40625 0.375
v 0.012500000000000002 1.09375 0.359375
v 0.012500000000000002 1.09375 0.375
vt 0 1
vt 0.0625 1
vt 0.0625 0.9375
vt 0 0.9375
vt 0 1
vt 0.0625 1
vt 0.0625 0.9375
vt 0 0.9375
vt 0 1
vt 0.0625 1
vt 0.0625 0.9375
vt 0 0.9375
vt 0 1
vt 0.0625 1
vt 0.0625 0.9375
vt 0 0.9375
vn 0 0 -1
vn 1 0 0
vn 0 0 1
vn -1 0 0
usemtl gravitational_modulator_led
f 188/452/113 191/451/113 189/450/113 186/449/113
f 187/456/114 188/455/114 186/454/114 185/453/114
f 192/460/115 187/459/115 185/458/115 190/457/115
f 191/464/116 192/463/116 190/462/116 189/461/116
o modulator_body_arm1_side
v -0.15625 1.15625 0.46875
v -0.15625 1.15625 0.28125
v -0.15625 1.09375 0.46875
v -0.15625 1.09375 0.28125
v -0.21875 1.15625 0.28125
v -0.21875 1.15625 0.46875
v -0.21875 1.09375 0.28125
v -0.21875 1.09375 0.46875
vt 0.0625 0.15625
vt 0.09375 0.15625
vt 0.09375 0.125
vt 0.0625 0.125
vt 0.0625 0.15625
vt 0.09375 0.15625
vt 0.09375 0.125
vt 0.0625 0.125
vt 0.0625 0.15625
vt 0.09375 0.15625
vt 0.09375 0.125
vt 0.0625 0.125
vt 0.0625 0.15625
vt 0.09375 0.15625
vt 0.09375 0.125
vt 0.0625 0.125
vn 1 0 0
vn -1 0 0
vn 0 1 0
vn 0 -1 0
usemtl gravitational_modulator
f 195/468/117 196/467/117 194/466/117 193/465/117
f 199/472/118 200/471/118 198/470/118 197/469/118
f 198/476/119 193/475/119 194/474/119 197/473/119
f 199/480/120 196/479/120 195/478/120 200/477/120
o modulator_body_arm1_front
v -0.125 1.15625 0.5
v -0.125 1.15625 0.4375
v -0.125 1.09375 0.5
v -0.125 1.09375 0.4375
v -0.21875 1.15625 0.4375
v -0.21875 1.15625 0.5
v -0.21875 1.09375 0.4375
v -0.21875 1.09375 0.5
vt 0.0625 0.15625
vt 0.09375 0.15625
vt 0.09375 0.125
vt 0.0625 0.125
vt 0.0625 0.15625
vt 0.09375 0.15625
vt 0.09375 0.125
vt 0.0625 0.125
vt 0.0625 0.15625
vt 0.09375 0.15625
vt 0.09375 0.125
vt 0.0625 0.125
vt 0.0625 0.15625
vt 0.09375 0.15625
vt 0.09375 0.125
vt 0.0625 0.125
vt 0.0625 0.15625
vt 0.09375 0.15625
vt 0.09375 0.125
vt 0.0625 0.125
vt 0.0625 0.15625
vt 0.09375 0.15625
vt 0.09375 0.125
vt 0.0625 0.125
vn 0 0 -1
vn 1 0 0
vn 0 0 1
vn -1 0 0
vn 0 1 0
vn 0 -1 0
usemtl gravitational_modulator
f 204/484/121 207/483/121 205/482/121 202/481/121
f 203/488/122 204/487/122 202/486/122 201/485/122
f 208/492/123 203/491/123 201/490/123 206/489/123
f 207/496/124 208/495/124 206/494/124 205/493/124
f 206/500/125 201/499/125 202/498/125 205/497/125
f 207/504/126 204/503/126 203/502/126 208/501/126
o modulator_body_arm2_side
v -0.15625 1.28125 0.46875
v -0.15625 1.28125 0.28125
v -0.15625 1.21875 0.46875
v -0.15625 1.21875 0.28125
v -0.21875 1.28125 0.28125
v -0.21875 1.28125 0.46875
v -0.21875 1.21875 0.28125
v -0.21875 1.21875 0.46875
vt 0.0625 0.15625
vt 0.09375 0.15625
vt 0.09375 0.125
vt 0.0625 0.125
vt 0.0625 0.15625
vt 0.09375 0.15625
vt 0.09375 0.125
vt 0.0625 0.125
vt 0.0625 0.15625
vt 0.09375 0.15625
vt 0.09375 0.125
vt 0.0625 0.125
vt 0.0625 0.15625
vt 0.09375 0.15625
vt 0.09375 0.125
vt 0.0625 0.125
vn 1 0 0
vn -1 0 0
vn 0 1 0
vn 0 -1 0
usemtl gravitational_modulator
f 211/508/127 212/507/127 210/506/127 209/505/127
f 215/512/128 216/511/128 214/510/128 213/509/128
f 214/516/129 209/515/129 210/514/129 213/513/129
f 215/520/130 212/519/130 211/518/130 216/517/130
o modulator_body_arm2_front
v -0.125 1.28125 0.5
v -0.125 1.28125 0.4375
v -0.125 1.21875 0.5
v -0.125 1.21875 0.4375
v -0.21875 1.28125 0.4375
v -0.21875 1.28125 0.5
v -0.21875 1.21875 0.4375
v -0.21875 1.21875 0.5
vt 0.0625 0.15625
vt 0.09375 0.15625
vt 0.09375 0.125
vt 0.0625 0.125
vt 0.0625 0.15625
vt 0.09375 0.15625
vt 0.09375 0.125
vt 0.0625 0.125
vt 0.0625 0.15625
vt 0.09375 0.15625
vt 0.09375 0.125
vt 0.0625 0.125
vt 0.0625 0.15625
vt 0.09375 0.15625
vt 0.09375 0.125
vt 0.0625 0.125
vt 0.0625 0.15625
vt 0.09375 0.15625
vt 0.09375 0.125
vt 0.0625 0.125
vt 0.0625 0.15625
vt 0.09375 0.15625
vt 0.09375 0.125
vt 0.0625 0.125
vn 0 0 -1
vn 1 0 0
vn 0 0 1
vn -1 0 0
vn 0 1 0
vn 0 -1 0
usemtl gravitational_modulator
f 220/524/131 223/523/131 221/522/131 218/521/131
f 219/528/132 220/527/132 218/526/132 217/525/132
f 224/532/133 219/531/133 217/530/133 222/529/133
f 223/536/134 224/535/134 222/534/134 221/533/134
f 222/540/135 217/539/135 218/538/135 221/537/135
f 223/544/136 220/543/136 219/542/136 224/541/136
o modulator_body_arm3_side
v -0.15625 1.40625 0.46875
v -0.15625 1.40625 0.28125
v -0.15625 1.34375 0.46875
v -0.15625 1.34375 0.28125
v -0.21875 1.40625 0.28125
v -0.21875 1.40625 0.46875
v -0.21875 1.34375 0.28125
v -0.21875 1.34375 0.46875
vt 0.0625 0.15625
vt 0.09375 0.15625
vt 0.09375 0.125
vt 0.0625 0.125
vt 0.0625 0.15625
vt 0.09375 0.15625
vt 0.09375 0.125
vt 0.0625 0.125
vt 0.0625 0.15625
vt 0.09375 0.15625
vt 0.09375 0.125
vt 0.0625 0.125
vt 0.0625 0.15625
vt 0.09375 0.15625
vt 0.09375 0.125
vt 0.0625 0.125
vn 1 0 0
vn -1 0 0
vn 0 1 0
vn 0 -1 0
usemtl gravitational_modulator
f 227/548/137 228/547/137 226/546/137 225/545/137
f 231/552/138 232/551/138 230/550/138 229/549/138
f 230/556/139 225/555/139 226/554/139 229/553/139
f 231/560/140 228/559/140 227/558/140 232/557/140
o modulator_body_arm3_front
v -0.125 1.40625 0.5
v -0.125 1.40625 0.4375
v -0.125 1.34375 0.5
v -0.125 1.34375 0.4375
v -0.21875 1.40625 0.4375
v -0.21875 1.40625 0.5
v -0.21875 1.34375 0.4375
v -0.21875 1.34375 0.5
vt 0.0625 0.15625
vt 0.09375 0.15625
vt 0.09375 0.125
vt 0.0625 0.125
vt 0.0625 0.15625
vt 0.09375 0.15625
vt 0.09375 0.125
vt 0.0625 0.125
vt 0.0625 0.15625
vt 0.09375 0.15625
vt 0.09375 0.125
vt 0.0625 0.125
vt 0.0625 0.15625
vt 0.09375 0.15625
vt 0.09375 0.125
vt 0.0625 0.125
vt 0.0625 0.15625
vt 0.09375 0.15625
vt 0.09375 0.125
vt 0.0625 0.125
vt 0.0625 0.15625
vt 0.09375 0.15625
vt 0.09375 0.125
vt 0.0625 0.125
vn 0 0 -1
vn 1 0 0
vn 0 0 1
vn -1 0 0
vn 0 1 0
vn 0 -1 0
usemtl gravitational_modulator
f 236/564/141 239/563/141 237/562/141 234/561/141
f 235/568/142 236/567/142 234/566/142 233/565/142
f 240/572/143 235/571/143 233/570/143 238/569/143
f 239/576/144 240/575/144 238/574/144 237/573/144
f 238/580/145 233/579/145 234/578/145 237/577/145
f 239/584/146 236/583/146 235/582/146 240/581/146
o modulator_body_arm4_side
v 0.21875 1.15625 0.46875
v 0.21875 1.15625 0.28125
v 0.21875 1.09375 0.46875
v 0.21875 1.09375 0.28125
v 0.15625 1.15625 0.28125
v 0.15625 1.15625 0.46875
v 0.15625 1.09375 0.28125
v 0.15625 1.09375 0.46875
vt 0.0625 0.15625
vt 0.09375 0.15625
vt 0.09375 0.125
vt 0.0625 0.125
vt 0.0625 0.15625
vt 0.09375 0.15625
vt 0.09375 0.125
vt 0.0625 0.125
vt 0.0625 0.15625
vt 0.09375 0.15625
vt 0.09375 0.125
vt 0.0625 0.125
vt 0.0625 0.15625
vt 0.09375 0.15625
vt 0.09375 0.125
vt 0.0625 0.125
vn 1 0 0
vn -1 0 0
vn 0 1 0
vn 0 -1 0
usemtl gravitational_modulator
f 243/588/147 244/587/147 242/586/147 241/585/147
f 247/592/148 248/591/148 246/590/148 245/589/148
f 246/596/149 241/595/149 242/594/149 245/593/149
f 247/600/150 244/599/150 243/598/150 248/597/150
o modulator_body_arm4_front
v 0.21875 1.15625 0.5
v 0.21875 1.15625 0.4375
v 0.21875 1.09375 0.5
v 0.21875 1.09375 0.4375
v 0.125 1.15625 0.4375
v 0.125 1.15625 0.5
v 0.125 1.09375 0.4375
v 0.125 1.09375 0.5
vt 0.0625 0.15625
vt 0.09375 0.15625
vt 0.09375 0.125
vt 0.0625 0.125
vt 0.0625 0.15625
vt 0.09375 0.15625
vt 0.09375 0.125
vt 0.0625 0.125
vt 0.0625 0.15625
vt 0.09375 0.15625
vt 0.09375 0.125
vt 0.0625 0.125
vt 0.0625 0.15625
vt 0.09375 0.15625
vt 0.09375 0.125
vt 0.0625 0.125
vt 0.0625 0.15625
vt 0.09375 0.15625
vt 0.09375 0.125
vt 0.0625 0.125
vt 0.0625 0.15625
vt 0.09375 0.15625
vt 0.09375 0.125
vt 0.0625 0.125
vn 0 0 -1
vn 1 0 0
vn 0 0 1
vn -1 0 0
vn 0 1 0
vn 0 -1 0
usemtl gravitational_modulator
f 252/604/151 255/603/151 253/602/151 250/601/151
f 251/608/152 252/607/152 250/606/152 249/605/152
f 256/612/153 251/611/153 249/610/153 254/609/153
f 255/616/154 256/615/154 254/614/154 253/613/154
f 254/620/155 249/619/155 250/618/155 253/617/155
f 255/624/156 252/623/156 251/622/156 256/621/156
o modulator_body_arm5_side
v 0.21875 1.28125 0.46875
v 0.21875 1.28125 0.28125
v 0.21875 1.21875 0.46875
v 0.21875 1.21875 0.28125
v 0.15625 1.28125 0.28125
v 0.15625 1.28125 0.46875
v 0.15625 1.21875 0.28125
v 0.15625 1.21875 0.46875
vt 0.0625 0.15625
vt 0.09375 0.15625
vt 0.09375 0.125
vt 0.0625 0.125
vt 0.0625 0.15625
vt 0.09375 0.15625
vt 0.09375 0.125
vt 0.0625 0.125
vt 0.0625 0.15625
vt 0.09375 0.15625
vt 0.09375 0.125
vt 0.0625 0.125
vt 0.0625 0.15625
vt 0.09375 0.15625
vt 0.09375 0.125
vt 0.0625 0.125
vn 1 0 0
vn -1 0 0
vn 0 1 0
vn 0 -1 0
usemtl gravitational_modulator
f 259/628/157 260/627/157 258/626/157 257/625/157
f 263/632/158 264/631/158 262/630/158 261/629/158
f 262/636/159 257/635/159 258/634/159 261/633/159
f 263/640/160 260/639/160 259/638/160 264/637/160
o modulator_body_arm5_front
v 0.21875 1.28125 0.5
v 0.21875 1.28125 0.4375
v 0.21875 1.21875 0.5
v 0.21875 1.21875 0.4375
v 0.125 1.28125 0.4375
v 0.125 1.28125 0.5
v 0.125 1.21875 0.4375
v 0.125 1.21875 0.5
vt 0.0625 0.15625
vt 0.09375 0.15625
vt 0.09375 0.125
vt 0.0625 0.125
vt 0.0625 0.15625
vt 0.09375 0.15625
vt 0.09375 0.125
vt 0.0625 0.125
vt 0.0625 0.15625
vt 0.09375 0.15625
vt 0.09375 0.125
vt 0.0625 0.125
vt 0.0625 0.15625
vt 0.09375 0.15625
vt 0.09375 0.125
vt 0.0625 0.125
vt 0.0625 0.15625
vt 0.09375 0.15625
vt 0.09375 0.125
vt 0.0625 0.125
vt 0.0625 0.15625
vt 0.09375 0.15625
vt 0.09375 0.125
vt 0.0625 0.125
vn 0 0 -1
vn 1 0 0
vn 0 0 1
vn -1 0 0
vn 0 1 0
vn 0 -1 0
usemtl gravitational_modulator
f 268/644/161 271/643/161 269/642/161 266/641/161
f 267/648/162 268/647/162 266/646/162 265/645/162
f 272/652/163 267/651/163 265/650/163 270/649/163
f 271/656/164 272/655/164 270/654/164 269/653/164
f 270/660/165 265/659/165 266/658/165 269/657/165
f 271/664/166 268/663/166 267/662/166 272/661/166
o modulator_body_arm6_side
v 0.21875 1.40625 0.46875
v 0.21875 1.40625 0.28125
v 0.21875 1.34375 0.46875
v 0.21875 1.34375 0.28125
v 0.15625 1.40625 0.28125
v 0.15625 1.40625 0.46875
v 0.15625 1.34375 0.28125
v 0.15625 1.34375 0.46875
vt 0.0625 0.15625
vt 0.09375 0.15625
vt 0.09375 0.125
vt 0.0625 0.125
vt 0.0625 0.15625
vt 0.09375 0.15625
vt 0.09375 0.125
vt 0.0625 0.125
vt 0.0625 0.15625
vt 0.09375 0.15625
vt 0.09375 0.125
vt 0.0625 0.125
vt 0.0625 0.15625
vt 0.09375 0.15625
vt 0.09375 0.125
vt 0.0625 0.125
vn 1 0 0
vn -1 0 0
vn 0 1 0
vn 0 -1 0
usemtl gravitational_modulator
f 275/668/167 276/667/167 274/666/167 273/665/167
f 279/672/168 280/671/168 278/670/168 277/669/168
f 278/676/169 273/675/169 274/674/169 277/673/169
f 279/680/170 276/679/170 275/678/170 280/677/170
o modulator_body_arm6_front
v 0.21875 1.40625 0.5
v 0.21875 1.40625 0.4375
v 0.21875 1.34375 0.5
v 0.21875 1.34375 0.4375
v 0.125 1.40625 0.4375
v 0.125 1.40625 0.5
v 0.125 1.34375 0.4375
v 0.125 1.34375 0.5
vt 0.0625 0.15625
vt 0.09375 0.15625
vt 0.09375 0.125
vt 0.0625 0.125
vt 0.0625 0.15625
vt 0.09375 0.15625
vt 0.09375 0.125
vt 0.0625 0.125
vt 0.0625 0.15625
vt 0.09375 0.15625
vt 0.09375 0.125
vt 0.0625 0.125
vt 0.0625 0.15625
vt 0.09375 0.15625
vt 0.09375 0.125
vt 0.0625 0.125
vt 0.0625 0.15625
vt 0.09375 0.15625
vt 0.09375 0.125
vt 0.0625 0.125
vt 0.0625 0.15625
vt 0.09375 0.15625
vt 0.09375 0.125
vt 0.0625 0.125
vn 0 0 -1
vn 1 0 0
vn 0 0 1
vn -1 0 0
vn 0 1 0
vn 0 -1 0
usemtl gravitational_modulator
f 284/684/171 287/683/171 285/682/171 282/681/171
f 283/688/172 284/687/172 282/686/172 281/685/172
f 288/692/173 283/691/173 281/690/173 286/689/173
f 287/696/174 288/695/174 286/694/174 285/693/174
f 286/700/175 281/699/175 282/698/175 285/697/175
f 287/704/176 284/703/176 283/702/176 288/701/176
o elytra_right_wing_base
v 0.5409829589633074 1.5171585663781653 0.18822481491444282
v 0.5106683211663048 1.6050312340795632 0.10465199034642762
v 0.5137534999012615 1.428281462729857 0.1046519903464276
v 0.4834388621042589 1.516154130431255 0.021079165778412387
v 0.3924965000987385 1.602968537270143 0.14534800965357242
v 0.4228111378957411 1.515095869568745 0.2289208342215876
v 0.3652670410366926 1.5140914336218347 0.06177518508555717
v 0.3955816788336952 1.4262187659204368 0.14534800965357236
vt 0.0625 0.8125
vt 0.125 0.8125
vt 0.125 0.75
vt 0.0625 0.75
vt 0.0625 0.8125
vt 0.125 0.8125
vt 0.125 0.75
vt 0.0625 0.75
vt 0.0625 0.8125
vt 0.125 0.8125
vt 0.125 0.75
vt 0.0625 0.75
vt 0.0625 0.8125
vt 0.125 0.8125
vt 0.125 0.75
vt 0.0625 0.75
vt 0.0625 0.8125
vt 0.125 0.8125
vt 0.125 0.75
vt 0.0625 0.75
vn -0.24251710237602087 0.7029813416111831 -0.6685825965441218
vn 0.9453745685405306 0.01650157447536055 -0.32556815445715825
vn 0.24251710237602087 -0.7029813416111831 0.6685825965441218
vn -0.9453745685405306 -0.01650157447536055 0.32556815445715825
vn -0.21783567249636712 -0.7110168291864654 -0.668582596544122
usemtl elytra
f 292/708/177 295/707/177 293/706/177 290/705/177
f 291/712/178 292/711/178 290/710/178 289/709/178
f 296/716/179 291/715/179 289/714/179 294/713/179
f 295/720/180 296/719/180 294/718/180 293/717/180
f 295/724/181 292/723/181 291/722/181 296/721/181
o elytra_right_wing_energy_channel_led1
v 0.5833029810761559 1.727851567833906 0.417777484232269
v 0.5529883432791532 1.8157242355353038 0.33420465966425383
v 0.5152293334210412 1.5056588087131355 0.20884542281223092
v 0.48491469562403855 1.5935314764145332 0.12527259824421572
v 0.49390243274537016 1.8146928871305936 0.3545526693178262
v 0.5242170705423728 1.7268202194291957 0.43812549388584143
v 0.4258287850902554 1.5925001280098232 0.1456206078977881
v 0.456143422887258 1.5046274603084253 0.22919343246580332
vt 0 0.9375
vt 0.03125 0.9375
vt 0.03125 0.78125
vt 0 0.78125
vt 0 0.9375
vt 0.0625 0.9375
vt 0.0625 0.78125
vt 0 0.78125
vt 0 0.9375
vt 0.03125 0.9375
vt 0.03125 0.78125
vt 0 0.78125
vt 0 0.9375
vt 0.0625 0.9375
vt 0.0625 0.78125
vt 0 0.78125
vt 0 0.8125
vt 0 0.78125
vt 0.0625 0.78125
vt 0.0625 0.8125
vn -0.24251710237602087 0.7029813416111831 -0.6685825965441218
vn 0.9453745685405306 0.01650157447536055 -0.32556815445715825
vn 0.24251710237602087 -0.7029813416111831 0.6685825965441218
vn -0.9453745685405306 -0.01650157447536055 0.32556815445715825
vn -0.21783567249636712 -0.7110168291864654 -0.668582596544122
usemtl elytra_led
f 300/728/182 303/727/182 301/726/182 298/725/182
f 299/732/183 300/731/183 298/730/183 297/729/183
f 304/736/184 299/735/184 297/734/184 302/733/184
f 303/740/185 304/739/185 302/738/185 301/737/185
f 303/744/186 300/743/186 299/742/186 304/741/186
o elytra_right_wing_energy_channel_led2
v 0.7356059316151993 1.7114160956427267 0.8591969628189213
v 0.7334243808105388 1.8363970575372754 0.8591969628189214
v 0.5728466471900445 1.7085751217654155 0.38643767501926335
v 0.5706650963853841 1.8335560836599645 0.38643767501926335
v 0.6743384702767558 1.8353657091325655 0.8795449724724939
v 0.6765200210814162 1.7103847472380167 0.8795449724724937
v 0.5115791858516009 1.8325247352552543 0.40678568467283577
v 0.5137607366562613 1.7075437733607055 0.4067856846728357
vt 0 0.78125
vt 0.03125 0.78125
vt 0.03125 0.53125
vt 0 0.53125
vt 0 0.78125
vt 0.0625 0.78125
vt 0.0625 0.53125
vt 0 0.53125
vt 0 0.78125
vt 0.03125 0.78125
vt 0.03125 0.53125
vt 0 0.53125
vt 0 0.78125
vt 0.0625 0.78125
vt 0.0625 0.53125
vt 0 0.53125
vn -0.017452406437283352 0.9998476951563914 2.524022657546255e-16
vn 0.9453745685405305 0.01650157447536054 -0.32556815445715825
vn 0.017452406437283352 -0.9998476951563914 -2.524022657546255e-16
vn -0.9453745685405305 -0.01650157447536054 0.32556815445715825
usemtl elytra_led
f 308/748/187 311/747/187 309/746/187 306/745/187
f 307/752/188 308/751/188 306/750/188 305/749/188
f 312/756/189 307/755/189 305/754/189 310/753/189
f 311/760/190 312/759/190 310/758/190 309/757/190
o elytra_right_wing_energy_channel_led3
v 0.7801662330229385 1.6318357905471441 0.9845561996709442
v 0.7937809625539615 1.6762743423712985 1.026342611954952
v 0.7195369574289333 1.80758112594994 0.8174105505349136
v 0.7331516869599563 1.852019677774094 0.8591969628189213
v 0.7346950520201784 1.6752429939665883 1.046690621608524
v 0.7210803224891553 1.6308044421424341 1.0049042093245166
v 0.6740657764261732 1.850988329369384 0.8795449724724937
v 0.6604510468951501 1.80654977754523 0.837758560188486
vt 0 0.9375
vt 0.03125 0.9375
vt 0.03125 0.875
vt 0 0.875
vt 0 0.9375
vt 0.031250000000000056 0.9375
vt 0.031250000000000056 0.875
vt 0 0.875
vt 0 0.9375
vt 0.031250000000000056 0.9375
vt 0.031250000000000056 0.875
vt 0 0.875
vn 0.21783567249636707 0.7110168291864658 0.6685825965441218
vn 0.9453745685405306 0.016501574475360523 -0.3255681544571582
vn -0.9453745685405306 -0.016501574475360523 0.3255681544571582
usemtl elytra_led
f 316/764/191 319/763/191 317/762/191 314/761/191
f 315/768/192 316/767/192 314/766/192 313/765/192
f 319/772/193 320/771/193 318/770/193 317/769/193
o elytra_right_wing_arm1
v 0.6090566066184222 1.7393513254989357 0.39715687633448093
v 0.5938992877199208 1.7832876593496345 0.35537046405047334
v 0.5409829589633074 1.5171585663781653 0.18822481491444282
v 0.5258256400648061 1.561094900228864 0.14643840263043523
v 0.47572746665235455 1.7812249625402146 0.39606648335761807
v 0.49088478555085585 1.7372886286895155 0.43785289564162566
v 0.4076538189972398 1.5590322034194442 0.18713442193758
v 0.4228111378957411 1.515095869568745 0.2289208342215876
vt 0.21875 0.8125
vt 0.28125 0.8125
vt 0.28125 0.65625
vt 0.21875 0.65625
vt 0.21875 0.8125
vt 0.25 0.8125
vt 0.25 0.65625
vt 0.21875 0.65625
vt 0.21875 0.8125
vt 0.28125 0.8125
vt 0.28125 0.65625
vt 0.21875 0.65625
vt 0.21875 0.8125
vt 0.25 0.8125
vt 0.25 0.65625
vt 0.21875 0.65625
vn -0.24251710237602087 0.7029813416111831 -0.6685825965441218
vn 0.9453745685405306 0.01650157447536055 -0.32556815445715825
vn 0.24251710237602087 -0.7029813416111831 0.6685825965441218
vn -0.9453745685405306 -0.01650157447536055 0.32556815445715825
usemtl elytra
f 324/776/194 327/775/194 325/774/194 322/773/194
f 323/780/195 324/779/195 322/778/195 321/777/195
f 328/784/196 323/783/196 321/782/196 326/781/196
f 327/788/197 328/787/197 326/786/197 325/785/197
o elytra_right_wing_arm2
v 0.7852211035846527 1.7279095118165642 0.9081178689670926
v 0.7841303281823224 1.7903999927638385 0.9081178689670926
v 0.5817719980532092 1.7243582944699252 0.31716875921751986
v 0.580681222650879 1.7868487754171998 0.3171687592175199
v 0.6659585071147562 1.7883372959544186 0.9488138882742374
v 0.6670492825170864 1.7258468150071442 0.9488138882742374
v 0.46250940158331266 1.7847860786077796 0.3578647785246647
v 0.4636001769856429 1.7222955976605052 0.35786477852466464
vt 0.15625 1
vt 0.21875 1
vt 0.21875 0.6875
vt 0.15625 0.6875
vt 0.15625 1
vt 0.1875 1
vt 0.1875 0.6875
vt 0.15625 0.6875
vt 0.15625 1
vt 0.21875 1
vt 0.21875 0.6875
vt 0.15625 0.6875
vt 0.15625 1
vt 0.1875 1
vt 0.1875 0.6875
vt 0.15625 0.6875
vt 0.15625 1
vt 0.21875 1
vt 0.21875 0.96875
vt 0.15625 0.96875
vt 0.15625 1
vt 0.21875 1
vt 0.21875 0.96875
vt 0.15625 0.96875
vn -0.017452406437283352 0.9998476951563914 2.524022657546255e-16
vn 0.9453745685405305 0.01650157447536054 -0.32556815445715825
vn 0.017452406437283352 -0.9998476951563914 -2.524022657546255e-16
vn -0.9453745685405305 -0.01650157447536054 0.32556815445715825
vn 0.32551856885030966 0.00568194775462235 0.9455185755993164
vn -0.32551856885030966 -0.00568194775462235 -0.9455185755993164
usemtl elytra
f 332/792/198 335/791/198 333/790/198 330/789/198
f 331/796/199 332/795/199 330/794/199 329/793/199
f 336/800/200 331/799/200 329/798/200 334/797/200
f 335/804/201 336/803/201 334/802/201 333/801/201
f 334/808/202 329/807/202 330/806/202 333/805/202
f 335/812/203 332/811/203 331/810/203 336/809/203
o elytra_right_wing_arm3
v 0.8483737802198226 1.4783231872853255 1.078848225554177
v 0.8619885097508455 1.5227617391094794 1.1206346378381846
v 0.7574298668288147 1.741941190389519 0.8281297518501313
v 0.7710445963598377 1.7863797422136731 0.8699161641341389
v 0.7438166886832792 1.5206990423000595 1.1613306571453295
v 0.7302019591522563 1.4762604904759054 1.1195442448613218
v 0.6528727752922714 1.784317045404253 0.9106121834412837
v 0.6392580457612485 1.7398784935800988 0.868825771157276
vt 0.21875 0.65625
vt 0.28125 0.65625
vt 0.28125 0.46875
vt 0.21875 0.46875
vt 0.21875 0.65625
vt 0.25000000000000006 0.65625
vt 0.25000000000000006 0.46875
vt 0.21875 0.46875
vt 0.21875 0.65625
vt 0.28125 0.65625
vt 0.28125 0.46875
vt 0.21875 0.46875
vt 0.21875 0.65625
vt 0.25000000000000006 0.65625
vt 0.25000000000000006 0.46875
vt 0.21875 0.46875
vt 0.21875 0.65625
vt 0.28125 0.65625
vt 0.28125 0.625
vt 0.21875 0.625
vn 0.21783567249636707 0.7110168291864658 0.6685825965441218
vn 0.9453745685405306 0.016501574475360523 -0.3255681544571582
vn -0.21783567249636707 -0.7110168291864658 -0.6685825965441218
vn -0.9453745685405306 -0.016501574475360523 0.3255681544571582
vn 0.24251710237602098 -0.7029813416111828 0.6685825965441221
usemtl elytra
f 340/816/204 343/815/204 341/814/204 338/813/204
f 339/820/205 340/819/205 338/818/205 337/817/205
f 344/824/206 339/823/206 337/822/206 342/821/206
f 343/828/207 344/827/207 342/826/207 341/825/207
f 342/832/208 337/831/208 338/830/208 341/829/208
o elytra_right_wing_energy_cover1
v 0.553055099126852 1.6499720038771724 0.23001122719845046
v 0.5378977802283507 1.6939083377278712 0.18822481491444287
v 0.5258256400648061 1.561094900228864 0.14643840263043523
v 0.5106683211663048 1.6050312340795632 0.10465199034642762
v 0.41972595916078437 1.6918456409184512 0.22892083422158765
v 0.43488327805928567 1.6479093070677522 0.27070724650559524
v 0.3924965000987385 1.602968537270143 0.14534800965357242
v 0.4076538189972398 1.5590322034194442 0.18713442193758
vt 0 1
vt 0.0625 1
vt 0.0625 0.9375
vt 0 0.9375
vt 0 1
vt 0.03125 1
vt 0.03125 0.9375
vt 0 0.9375
vt 0 1
vt 0.03125 1
vt 0.03125 0.9375
vt 0 0.9375
vt 0 1
vt 0.0625 1
vt 0.0625 0.96875
vt 0 0.96875
vn -0.24251710237602087 0.7029813416111831 -0.6685825965441218
vn 0.9453745685405306 0.01650157447536055 -0.32556815445715825
vn -0.9453745685405306 -0.01650157447536055 0.32556815445715825
vn 0.21783567249636712 0.7110168291864654 0.668582596544122
usemtl elytra
f 348/836/209 351/835/209 349/834/209 346/833/209
f 347/840/210 348/839/210 346/838/210 345/837/210
f 351/844/211 352/843/211 350/842/211 349/841/211
f 350/848/212 345/847/212 346/846/212 349/845/212
o elytra_right_wing_energy_cover2
v 0.6213710437571677 1.7875590188865274 0.4353585811674344
v 0.6202802683548374 1.850049499833802 0.4353585811674344
v 0.580681222650879 1.7868487754171998 0.3171687592175199
v 0.5795904472485488 1.8493392563644742 0.3171687592175199
v 0.5021084472872711 1.8479868030243818 0.4760546004745792
v 0.5031992226896014 1.7854963220771074 0.4760546004745792
v 0.46141862618098245 1.847276559555054 0.3578647785246647
v 0.46250940158331266 1.7847860786077796 0.3578647785246647
vt 0 1
vt 0.0625 1
vt 0.0625 0.9375
vt 0 0.9375
vt 0 1
vt 0.03125 1
vt 0.03125 0.9375
vt 0 0.9375
vt 0 1
vt 0.03125 1
vt 0.03125 0.9375
vt 0 0.9375
vt 0 1
vt 0.0625 1
vt 0.0625 0.96875
vt 0 0.96875
vt 0 1
vt 0.0625 1
vt 0.0625 0.96875
vt 0 0.96875
vn -0.017452406437283352 0.9998476951563914 2.524022657546255e-16
vn 0.9453745685405305 0.01650157447536054 -0.32556815445715825
vn -0.9453745685405305 -0.01650157447536054 0.32556815445715825
vn 0.32551856885030966 0.00568194775462235 0.9455185755993164
vn -0.32551856885030966 -0.00568194775462235 -0.9455185755993164
usemtl elytra
f 356/852/213 359/851/213 357/850/213 354/849/213
f 355/856/214 356/855/214 354/854/214 353/853/214
f 359/860/215 360/859/215 358/858/215 357/857/215
f 358/864/216 353/863/216 354/862/216 357/861/216
f 359/868/217 356/867/217 355/866/217 360/865/217
o elytra_right_wing_energy_cover3
v 0.6620608648634564 1.7882692623558551 0.553548403117349
v 0.6609700894611261 1.8507597433031298 0.553548403117349
v 0.641715954310312 1.7879141406211914 0.49445349214239165
v 0.6406251789079818 1.8504046215684657 0.4944534921423917
v 0.5427982683935598 1.8486970464937096 0.5942444224244937
v 0.5438890437958901 1.7862065655464352 0.5942444224244937
v 0.5224533578404155 1.8483419247590458 0.5351495114495365
v 0.5235441332427457 1.7858514438117712 0.5351495114495364
vt 0 1
vt 0.0625 1
vt 0.0625 0.96875
vt 0 0.96875
vt 0 1
vt 0.03125 1
vt 0.03125 0.96875
vt 0 0.96875
vt 0 1
vt 0.03125 1
vt 0.03125 0.96875
vt 0 0.96875
vt 0 1
vt 0.0625 1
vt 0.0625 0.96875
vt 0 0.96875
vt 0 1
vt 0.0625 1
vt 0.0625 0.96875
vt 0 0.96875
vn -0.017452406437283352 0.9998476951563914 2.524022657546255e-16
vn 0.9453745685405305 0.01650157447536054 -0.32556815445715825
vn -0.9453745685405305 -0.01650157447536054 0.32556815445715825
vn 0.32551856885030966 0.00568194775462235 0.9455185755993164
vn -0.32551856885030966 -0.00568194775462235 -0.9455185755993164
usemtl elytra
f 364/872/218 367/871/218 365/870/218 362/869/218
f 363/876/219 364/875/219 362/874/219 361/873/219
f 367/880/220 368/879/220 366/878/220 365/877/220
f 366/884/221 361/883/221 362/882/221 365/881/221
f 367/888/222 364/887/222 363/886/222 368/885/222
o elytra_right_wing_energy_cover4
v 0.7230955965228895 1.789334627559847 0.7308331360422208
v 0.7220048211205592 1.8518251085071213 0.7308331360422208
v 0.7027506859697451 1.788979505825183 0.6717382250672634
v 0.7016599105674148 1.8514699867724576 0.6717382250672634
v 0.6038330000529929 1.8497624116977014 0.7715291553493655
v 0.6049237754553232 1.7872719307504268 0.7715291553493655
v 0.5834880894998485 1.8494072899630374 0.7124342443744083
v 0.5845788649021788 1.786916809015763 0.7124342443744083
vt 0 1
vt 0.0625 1
vt 0.0625 0.96875
vt 0 0.96875
vt 0 1
vt 0.03125 1
vt 0.03125 0.96875
vt 0 0.96875
vt 0 1
vt 0.03125 1
vt 0.03125 0.96875
vt 0 0.96875
vt 0 1
vt 0.0625 1
vt 0.0625 0.96875
vt 0 0.96875
vt 0 1
vt 0.0625 1
vt 0.0625 0.96875
vt 0 0.96875
vn -0.017452406437283352 0.9998476951563914 2.524022657546255e-16
vn 0.9453745685405305 0.01650157447536054 -0.32556815445715825
vn -0.9453745685405305 -0.01650157447536054 0.32556815445715825
vn 0.32551856885030966 0.00568194775462235 0.9455185755993164
vn -0.32551856885030966 -0.00568194775462235 -0.9455185755993164
usemtl elytra
f 372/892/223 375/891/223 373/890/223 370/889/223
f 371/896/224 372/895/224 370/894/224 369/893/224
f 375/900/225 376/899/225 374/898/225 373/897/225
f 374/904/226 369/903/226 370/902/226 373/901/226
f 375/908/227 372/907/227 371/906/227 376/905/227
o elytra_right_wing_energy_cover5
v 0.7841303281823224 1.7903999927638385 0.9081178689670926
v 0.7830395527799923 1.8528904737111132 0.9081178689670926
v 0.7434405070760337 1.7896897492945107 0.789928047017178
v 0.7423497316737036 1.8521802302417854 0.789928047017178
v 0.664867731712426 1.850827776901693 0.9488138882742374
v 0.6659585071147562 1.7883372959544186 0.9488138882742374
v 0.6241779106061373 1.8501175334323652 0.8306240663243227
v 0.6252686860084675 1.7876270524850908 0.8306240663243227
vt 0 1
vt 0.0625 1
vt 0.0625 0.9375
vt 0 0.9375
vt 0 1
vt 0.03125 1
vt 0.03125 0.9375
vt 0 0.9375
vt 0 1
vt 0.03125 1
vt 0.03125 0.9375
vt 0 0.9375
vt 0 1
vt 0.0625 1
vt 0.0625 0.96875
vt 0 0.96875
vt 0 1
vt 0.0625 1
vt 0.0625 0.96875
vt 0 0.96875
vn -0.017452406437283352 0.9998476951563914 2.524022657546255e-16
vn 0.9453745685405305 0.01650157447536054 -0.32556815445715825
vn -0.9453745685405305 -0.01650157447536054 0.32556815445715825
vn 0.32551856885030966 0.00568194775462235 0.9455185755993164
vn -0.32551856885030966 -0.00568194775462235 -0.9455185755993164
usemtl elytra
f 380/912/228 383/911/228 381/910/228 378/909/228
f 379/916/229 380/915/229 378/914/229 377/913/229
f 383/920/230 384/919/230 382/918/230 381/917/230
f 382/924/231 377/923/231 378/922/231 381/921/231
f 383/928/232 380/927/232 379/926/232 384/925/232
o elytra_right_wing_energy_cover6
v 0.8104808708199411 1.5439631228457464 1.0681290242389594
v 0.8240956003509641 1.5884016746699006 1.109915436522967
v 0.7801662330229385 1.6318357905471441 0.9845561996709442
v 0.7937809625539615 1.6762743423712985 1.026342611954952
v 0.765009689817181 1.5873703262651906 1.1302634461765395
v 0.751394960286158 1.5429317744410365 1.0884770338925318
v 0.7346950520201784 1.6752429939665883 1.046690621608524
v 0.7210803224891553 1.6308044421424341 1.0049042093245166
vt 0 1
vt 0.03125 1
vt 0.03125 0.9375
vt 0 0.9375
vt 0 1
vt 0.031250000000000056 1
vt 0.031250000000000056 0.9375
vt 0 0.9375
vt 0 1
vt 0.031250000000000056 1
vt 0.031250000000000056 0.9375
vt 0 0.9375
vt 0 1
vt 0.03125 1
vt 0.03125 0.96875
vt 0 0.96875
vn 0.21783567249636707 0.7110168291864658 0.6685825965441218
vn 0.9453745685405306 0.016501574475360523 -0.3255681544571582
vn -0.9453745685405306 -0.016501574475360523 0.3255681544571582
vn 0.24251710237602098 -0.7029813416111828 0.6685825965441221
usemtl elytra
f 388/932/233 391/931/233 389/930/233 386/929/233
f 387/936/234 388/935/234 386/934/234 385/933/234
f 391/940/235 392/939/235 390/938/235 389/937/235
f 390/944/236 385/943/236 386/942/236 389/941/236
o elytra_right_wing_energy_mesh_led1
v 0.8450783034403235 1.0428867420375019 1.2391807163591748
v 0.8859224920333924 1.176202397509964 1.3645399532111977
v 0.6025612010643027 1.7458680836486846 0.5705981198150532
v 0.6434053896573716 1.879183739121147 0.695957356667076
v 0.8859224920333924 1.176202397509964 1.3645399532111977
v 0.8450783034403235 1.0428867420375019 1.2391807163591748
v 0.6434053896573716 1.879183739121147 0.695957356667076
v 0.6025612010643027 1.7458680836486846 0.5705981198150532
vt 0.15625 1
vt 0.21875 1
vt 0.21875 0.8125
vt 0.15625 0.8125
vt 0.71875 1
vt 0.53125 1
vt 0.53125 0
vt 0.71875 0
vt 0.15625 1
vt 0.21875 1
vt 0.21875 0.8125
vt 0.15625 0.8125
vt 0.53125 1
vt 0.71875 1
vt 0.71875 0
vt 0.53125 0
vt 0.15625 1
vt 0.21875 1
vt 0.21875 0.96875
vt 0.15625 0.96875
vt 0.15625 1
vt 0.21875 1
vt 0.21875 0.96875
vt 0.15625 0.96875
vn 0.2178356724963671 0.7110168291864655 0.6685825965441219
vn 0.9453745685405306 0.01650157447536058 -0.32556815445715825
vn -0.2178356724963671 -0.7110168291864655 -0.6685825965441219
vn -0.9453745685405306 -0.01650157447536058 0.32556815445715825
vn 0.2425171023760209 -0.702981341611183 0.6685825965441219
vn -0.2425171023760209 0.702981341611183 -0.6685825965441219
usemtl elytra_led
f 396/948/237 399/947/237 397/946/237 394/945/237
f 395/952/238 396/951/238 394/950/238 393/949/238
f 400/956/239 395/955/239 393/954/239 398/953/239
f 399/960/240 400/959/240 398/958/240 397/957/240
f 398/964/241 393/963/241 394/962/241 397/961/241
f 399/968/242 396/967/242 395/966/242 400/965/242
o elytra_right_wing_energy_mesh_led2
v 0.7585944704761889 1.092208202829513 0.9905515632693297
v 0.7858239295382348 1.1810853064778213 1.074124387837345
v 0.5463920058971706 1.7073168767392979 0.4055417912932231
v 0.5736214649592165 1.7961939803876061 0.4891146158612384
v 0.7858239295382348 1.1810853064778213 1.074124387837345
v 0.7585944704761889 1.092208202829513 0.9905515632693297
v 0.5736214649592165 1.7961939803876061 0.4891146158612384
v 0.5463920058971706 1.7073168767392979 0.4055417912932231
vt 0.15625 1
vt 0.21875 1
vt 0.21875 0.8125
vt 0.15625 0.8125
vt 0.53125 1
vt 0.40625 1
vt 0.40625 0.125
vt 0.53125 0.125
vt 0.15625 1
vt 0.21875 1
vt 0.21875 0.8125
vt 0.15625 0.8125
vt 0.40625 1
vt 0.53125 1
vt 0.53125 0.125
vt 0.40625 0.125
vt 0.15625 1
vt 0.21875 1
vt 0.21875 0.96875
vt 0.15625 0.96875
vt 0.15625 1
vt 0.21875 1
vt 0.21875 0.96875
vt 0.15625 0.96875
vn 0.2178356724963671 0.7110168291864655 0.6685825965441219
vn 0.9453745685405306 0.01650157447536058 -0.32556815445715825
vn -0.2178356724963671 -0.7110168291864655 -0.6685825965441219
vn -0.9453745685405306 -0.01650157447536058 0.32556815445715825
vn 0.2425171023760209 -0.702981341611183 0.6685825965441219
vn -0.2425171023760209 0.702981341611183 -0.6685825965441219
usemtl elytra_led
f 404/972/243 407/971/243 405/970/243 402/969/243
f 403/976/244 404/975/244 402/974/244 401/973/244
f 408/980/245 403/979/245 401/978/245 406/977/245
f 407/984/246 408/983/246 406/982/246 405/981/246
f 406/988/247 401/987/247 402/986/247 405/985/247
f 407/992/248 404/991/248 403/990/248 408/989/248
o elytra_right_wing_energy_mesh_led3
v 0.657711184558478 1.183269180779688 0.7022253185096775
v 0.6849406436205239 1.272146284427996 0.7857981430776927
v 0.5061379955734651 1.6226325192866773 0.2843611956696014
v 0.5333674546355109 1.7115096229349853 0.36793402023761657
v 0.6849406436205239 1.272146284427996 0.7857981430776927
v 0.657711184558478 1.183269180779688 0.7022253185096775
v 0.5333674546355109 1.7115096229349853 0.36793402023761657
v 0.5061379955734651 1.6226325192866773 0.2843611956696014
vt 0.15625 1
vt 0.21875 1
vt 0.21875 0.8125
vt 0.15625 0.8125
vt 0.40625 1
vt 0.28125 1
vt 0.28125 0.375
vt 0.40625 0.375
vt 0.15625 1
vt 0.21875 1
vt 0.21875 0.8125
vt 0.15625 0.8125
vt 0.28125 1
vt 0.40625 1
vt 0.40625 0.375
vt 0.28125 0.375
vt 0.15625 1
vt 0.21875 1
vt 0.21875 0.96875
vt 0.15625 0.96875
vt 0.15625 1
vt 0.21875 1
vt 0.21875 0.96875
vt 0.15625 0.96875
vn 0.2178356724963671 0.7110168291864655 0.6685825965441219
vn 0.9453745685405306 0.01650157447536058 -0.32556815445715825
vn -0.2178356724963671 -0.7110168291864655 -0.6685825965441219
vn -0.9453745685405306 -0.01650157447536058 0.32556815445715825
vn 0.2425171023760209 -0.702981341611183 0.6685825965441219
vn -0.2425171023760209 0.702981341611183 -0.6685825965441219
usemtl elytra_led
f 412/996/249 415/995/249 413/994/249 410/993/249
f 411/1000/250 412/999/250 410/998/250 409/997/250
f 416/1004/251 411/1003/251 409/1002/251 414/1001/251
f 415/1008/252 416/1007/252 414/1006/252 413/1005/252
f 414/1012/253 409/1011/253 410/1010/253 413/1009/253
f 415/1016/254 412/1015/254 411/1014/254 416/1013/254
o elytra_left_wing_base
v -0.4228111378957411 1.515095869568745 0.2289208342215876
v -0.3924965000987385 1.602968537270143 0.14534800965357242
v -0.3955816788336952 1.4262187659204368 0.14534800965357236
v -0.3652670410366926 1.5140914336218347 0.06177518508555717
v -0.5106683211663048 1.6050312340795632 0.10465199034642762
v -0.5409829589633074 1.5171585663781653 0.18822481491444282
v -0.4834388621042589 1.516154130431255 0.021079165778412387
v -0.5137534999012615 1.428281462729857 0.1046519903464276
vt 0.125 0.8125
vt 0.0625 0.8125
vt 0.0625 0.75
vt 0.125 0.75
vt 0.125 0.8125
vt 0.0625 0.8125
vt 0.0625 0.75
vt 0.125 0.75
vt 0.125 0.8125
vt 0.0625 0.8125
vt 0.0625 0.75
vt 0.125 0.75
vt 0.125 0.8125
vt 0.0625 0.8125
vt 0.0625 0.75
vt 0.125 0.75
vt 0.125 0.8125
vt 0.0625 0.8125
vt 0.0625 0.75
vt 0.125 0.75
vn 0.24251710237602087 0.7029813416111831 -0.6685825965441218
vn 0.9453745685405306 -0.01650157447536055 0.32556815445715825
vn -0.24251710237602087 -0.7029813416111831 0.6685825965441218
vn -0.9453745685405306 0.01650157447536055 -0.32556815445715825
vn 0.21783567249636712 -0.7110168291864654 -0.668582596544122
usemtl elytra
f 420/1020/255 423/1019/255 421/1018/255 418/1017/255
f 419/1024/256 420/1023/256 418/1022/256 417/1021/256
f 424/1028/257 419/1027/257 417/1026/257 422/1025/257
f 423/1032/258 424/1031/258 422/1030/258 421/1029/258
f 423/1036/259 420/1035/259 419/1034/259 424/1033/259
o elytra_left_wing_energy_channel_led1
v -0.5242170705423728 1.7268202194291957 0.43812549388584143
v -0.49390243274537016 1.8146928871305936 0.3545526693178262
v -0.456143422887258 1.5046274603084253 0.22919343246580332
v -0.4258287850902554 1.5925001280098232 0.1456206078977881
v -0.5529883432791532 1.8157242355353038 0.33420465966425383
v -0.5833029810761559 1.727851567833906 0.417777484232269
v -0.48491469562403855 1.5935314764145332 0.12527259824421572
v -0.5152293334210412 1.5056588087131355 0.20884542281223092
vt 0.03125 0.9375
vt 0 0.9375
vt 0 0.78125
vt 0.03125 0.78125
vt 0.0625 0.9375
vt 0 0.9375
vt 0 0.78125
vt 0.0625 0.78125
vt 0.03125 0.9375
vt 0 0.9375
vt 0 0.78125
vt 0.03125 0.78125
vt 0.0625 0.9375
vt 0 0.9375
vt 0 0.78125
vt 0.0625 0.78125
vt 0 0.78125
vt 0 0.8125
vt 0.0625 0.8125
vt 0.0625 0.78125
vn 0.24251710237602087 0.7029813416111831 -0.6685825965441218
vn 0.9453745685405306 -0.01650157447536055 0.32556815445715825
vn -0.24251710237602087 -0.7029813416111831 0.6685825965441218
vn -0.9453745685405306 0.01650157447536055 -0.32556815445715825
vn 0.21783567249636712 -0.7110168291864654 -0.668582596544122
usemtl elytra_led
f 428/1040/260 431/1039/260 429/1038/260 426/1037/260
f 427/1044/261 428/1043/261 426/1042/261 425/1041/261
f 432/1048/262 427/1047/262 425/1046/262 430/1045/262
f 431/1052/263 432/1051/263 430/1050/263 429/1049/263
f 431/1056/264 428/1055/264 427/1054/264 432/1053/264
o elytra_left_wing_energy_channel_led2
v -0.6765200210814162 1.7103847472380167 0.8795449724724937
v -0.6743384702767558 1.8353657091325655 0.8795449724724939
v -0.5137607366562613 1.7075437733607055 0.4067856846728357
v -0.5115791858516009 1.8325247352552543 0.40678568467283577
v -0.7334243808105388 1.8363970575372754 0.8591969628189214
v -0.7356059316151993 1.7114160956427267 0.8591969628189213
v -0.5706650963853841 1.8335560836599645 0.38643767501926335
v -0.5728466471900445 1.7085751217654155 0.38643767501926335
vt 0.03125 0.78125
vt 0 0.78125
vt 0 0.53125
vt 0.03125 0.53125
vt 0.0625 0.78125
vt 0 0.78125
vt 0 0.53125
vt 0.0625 0.53125
vt 0.03125 0.78125
vt 0 0.78125
vt 0 0.53125
vt 0.03125 0.53125
vt 0.0625 0.78125
vt 0 0.78125
vt 0 0.53125
vt 0.0625 0.53125
vn 0.017452406437283352 0.9998476951563914 2.524022657546255e-16
vn 0.9453745685405305 -0.01650157447536054 0.32556815445715825
vn -0.017452406437283352 -0.9998476951563914 -2.524022657546255e-16
vn -0.9453745685405305 0.01650157447536054 -0.32556815445715825
usemtl elytra_led
f 436/1060/265 439/1059/265 437/1058/265 434/1057/265
f 435/1064/266 436/1063/266 434/1062/266 433/1061/266
f 440/1068/267 435/1067/267 433/1066/267 438/1065/267
f 439/1072/268 440/1071/268 438/1070/268 437/1069/268
o elytra_left_wing_energy_channel_led3
v -0.7210803224891553 1.6308044421424341 1.0049042093245166
v -0.7346950520201784 1.6752429939665883 1.046690621608524
v -0.6604510468951501 1.80654977754523 0.837758560188486
v -0.6740657764261732 1.850988329369384 0.8795449724724937
v -0.7937809625539615 1.6762743423712985 1.026342611954952
v -0.7801662330229385 1.6318357905471441 0.9845561996709442
v -0.7331516869599563 1.852019677774094 0.8591969628189213
v -0.7195369574289333 1.80758112594994 0.8174105505349136
vt 0.03125 0.9375
vt 0 0.9375
vt 0 0.875
vt 0.03125 0.875
vt 0.031250000000000056 0.9375
vt 0 0.9375
vt 0 0.875
vt 0.031250000000000056 0.875
vt 0.031250000000000056 0.9375
vt 0 0.9375
vt 0 0.875
vt 0.031250000000000056 0.875
vn -0.21783567249636707 0.7110168291864658 0.6685825965441218
vn 0.9453745685405306 -0.016501574475360523 0.3255681544571582
vn -0.9453745685405306 0.016501574475360523 -0.3255681544571582
usemtl elytra_led
f 444/1076/269 447/1075/269 445/1074/269 442/1073/269
f 443/1080/270 444/1079/270 442/1078/270 441/1077/270
f 447/1084/271 448/1083/271 446/1082/271 445/1081/271
o elytra_left_wing_arm1
v -0.49088478555085585 1.7372886286895155 0.43785289564162566
v -0.47572746665235455 1.7812249625402146 0.39606648335761807
v -0.4228111378957411 1.515095869568745 0.2289208342215876
v -0.4076538189972398 1.5590322034194442 0.18713442193758
v -0.5938992877199208 1.7832876593496345 0.35537046405047334
v -0.6090566066184222 1.7393513254989357 0.39715687633448093
v -0.5258256400648061 1.561094900228864 0.14643840263043523
v -0.5409829589633074 1.5171585663781653 0.18822481491444282
vt 0.28125 0.8125
vt 0.21875 0.8125
vt 0.21875 0.65625
vt 0.28125 0.65625
vt 0.25 0.8125
vt 0.21875 0.8125
vt 0.21875 0.65625
vt 0.25 0.65625
vt 0.28125 0.8125
vt 0.21875 0.8125
vt 0.21875 0.65625
vt 0.28125 0.65625
vt 0.25 0.8125
vt 0.21875 0.8125
vt 0.21875 0.65625
vt 0.25 0.65625
vn 0.24251710237602087 0.7029813416111831 -0.6685825965441218
vn 0.9453745685405306 -0.01650157447536055 0.32556815445715825
vn -0.24251710237602087 -0.7029813416111831 0.6685825965441218
vn -0.9453745685405306 0.01650157447536055 -0.32556815445715825
usemtl elytra
f 452/1088/272 455/1087/272 453/1086/272 450/1085/272
f 451/1092/273 452/1091/273 450/1090/273 449/1089/273
f 456/1096/274 451/1095/274 449/1094/274 454/1093/274
f 455/1100/275 456/1099/275 454/1098/275 453/1097/275
o elytra_left_wing_arm2
v -0.6670492825170864 1.7258468150071442 0.9488138882742374
v -0.6659585071147562 1.7883372959544186 0.9488138882742374
v -0.4636001769856429 1.7222955976605052 0.35786477852466464
v -0.46250940158331266 1.7847860786077796 0.3578647785246647
v -0.7841303281823224 1.7903999927638385 0.9081178689670926
v -0.7852211035846527 1.7279095118165642 0.9081178689670926
v -0.580681222650879 1.7868487754171998 0.3171687592175199
v -0.5817719980532092 1.7243582944699252 0.31716875921751986
vt 0.21875 1
vt 0.15625 1
vt 0.15625 0.6875
vt 0.21875 0.6875
vt 0.1875 1
vt 0.15625 1
vt 0.15625 0.6875
vt 0.1875 0.6875
vt 0.21875 1
vt 0.15625 1
vt 0.15625 0.6875
vt 0.21875 0.6875
vt 0.1875 1
vt 0.15625 1
vt 0.15625 0.6875
vt 0.1875 0.6875
vt 0.21875 1
vt 0.15625 1
vt 0.15625 0.96875
vt 0.21875 0.96875
vt 0.21875 1
vt 0.15625 1
vt 0.15625 0.96875
vt 0.21875 0.96875
vn 0.017452406437283352 0.9998476951563914 2.524022657546255e-16
vn 0.9453745685405305 -0.01650157447536054 0.32556815445715825
vn -0.017452406437283352 -0.9998476951563914 -2.524022657546255e-16
vn -0.9453745685405305 0.01650157447536054 -0.32556815445715825
vn -0.32551856885030966 0.00568194775462235 0.9455185755993164
vn 0.32551856885030966 -0.00568194775462235 -0.9455185755993164
usemtl elytra
f 460/1104/276 463/1103/276 461/1102/276 458/1101/276
f 459/1108/277 460/1107/277 458/1106/277 457/1105/277
f 464/1112/278 459/1111/278 457/1110/278 462/1109/278
f 463/1116/279 464/1115/279 462/1114/279 461/1113/279
f 462/1120/280 457/1119/280 458/1118/280 461/1117/280
f 463/1124/281 460/1123/281 459/1122/281 464/1121/281
o elytra_left_wing_arm3
v -0.7302019591522563 1.4762604904759054 1.1195442448613218
v -0.7438166886832792 1.5206990423000595 1.1613306571453295
v -0.6392580457612485 1.7398784935800988 0.868825771157276
v -0.6528727752922714 1.784317045404253 0.9106121834412837
v -0.8619885097508455 1.5227617391094794 1.1206346378381846
v -0.8483737802198226 1.4783231872853255 1.078848225554177
v -0.7710445963598377 1.7863797422136731 0.8699161641341389
v -0.7574298668288147 1.741941190389519 0.8281297518501313
vt 0.28125 0.65625
vt 0.21875 0.65625
vt 0.21875 0.46875
vt 0.28125 0.46875
vt 0.25000000000000006 0.65625
vt 0.21875 0.65625
vt 0.21875 0.46875
vt 0.25000000000000006 0.46875
vt 0.28125 0.65625
vt 0.21875 0.65625
vt 0.21875 0.46875
vt 0.28125 0.46875
vt 0.25000000000000006 0.65625
vt 0.21875 0.65625
vt 0.21875 0.46875
vt 0.25000000000000006 0.46875
vt 0.28125 0.65625
vt 0.21875 0.65625
vt 0.21875 0.625
vt 0.28125 0.625
vn -0.21783567249636707 0.7110168291864658 0.6685825965441218
vn 0.9453745685405306 -0.016501574475360523 0.3255681544571582
vn 0.21783567249636707 -0.7110168291864658 -0.6685825965441218
vn -0.9453745685405306 0.016501574475360523 -0.3255681544571582
vn -0.24251710237602098 -0.7029813416111828 0.6685825965441221
usemtl elytra
f 468/1128/282 471/1127/282 469/1126/282 466/1125/282
f 467/1132/283 468/1131/283 466/1130/283 465/1129/283
f 472/1136/284 467/1135/284 465/1134/284 470/1133/284
f 471/1140/285 472/1139/285 470/1138/285 469/1137/285
f 470/1144/286 465/1143/286 466/1142/286 469/1141/286
o elytra_left_wing_energy_cover1
v -0.43488327805928567 1.6479093070677522 0.27070724650559524
v -0.41972595916078437 1.6918456409184512 0.22892083422158765
v -0.4076538189972398 1.5590322034194442 0.18713442193758
v -0.3924965000987385 1.602968537270143 0.14534800965357242
v -0.5378977802283507 1.6939083377278712 0.18822481491444287
v -0.553055099126852 1.6499720038771724 0.23001122719845046
v -0.5106683211663048 1.6050312340795632 0.10465199034642762
v -0.5258256400648061 1.561094900228864 0.14643840263043523
vt 0.0625 1
vt 0 1
vt 0 0.9375
vt 0.0625 0.9375
vt 0.03125 1
vt 0 1
vt 0 0.9375
vt 0.03125 0.9375
vt 0.03125 1
vt 0 1
vt 0 0.9375
vt 0.03125 0.9375
vt 0.0625 1
vt 0 1
vt 0 0.96875
vt 0.0625 0.96875
vn 0.24251710237602087 0.7029813416111831 -0.6685825965441218
vn 0.9453745685405306 -0.01650157447536055 0.32556815445715825
vn -0.9453745685405306 0.01650157447536055 -0.32556815445715825
vn -0.21783567249636712 0.7110168291864654 0.668582596544122
usemtl elytra
f 476/1148/287 479/1147/287 477/1146/287 474/1145/287
f 475/1152/288 476/1151/288 474/1150/288 473/1149/288
f 479/1156/289 480/1155/289 478/1154/289 477/1153/289
f 478/1160/290 473/1159/290 474/1158/290 477/1157/290
o elytra_left_wing_energy_cover2
v -0.5031992226896014 1.7854963220771074 0.4760546004745792
v -0.5021084472872711 1.8479868030243818 0.4760546004745792
v -0.46250940158331266 1.7847860786077796 0.3578647785246647
v -0.46141862618098245 1.847276559555054 0.3578647785246647
v -0.6202802683548374 1.850049499833802 0.4353585811674344
v -0.6213710437571677 1.7875590188865274 0.4353585811674344
v -0.5795904472485488 1.8493392563644742 0.3171687592175199
v -0.580681222650879 1.7868487754171998 0.3171687592175199
vt 0.0625 1
vt 0 1
vt 0 0.9375
vt 0.0625 0.9375
vt 0.03125 1
vt 0 1
vt 0 0.9375
vt 0.03125 0.9375
vt 0.03125 1
vt 0 1
vt 0 0.9375
vt 0.03125 0.9375
vt 0.0625 1
vt 0 1
vt 0 0.96875
vt 0.0625 0.96875
vt 0.0625 1
vt 0 1
vt 0 0.96875
vt 0.0625 0.96875
vn 0.017452406437283352 0.9998476951563914 2.524022657546255e-16
vn 0.9453745685405305 -0.01650157447536054 0.32556815445715825
vn -0.9453745685405305 0.01650157447536054 -0.32556815445715825
vn -0.32551856885030966 0.00568194775462235 0.9455185755993164
vn 0.32551856885030966 -0.00568194775462235 -0.9455185755993164
usemtl elytra
f 484/1164/291 487/1163/291 485/1162/291 482/1161/291
f 483/1168/292 484/1167/292 482/1166/292 481/1165/292
f 487/1172/293 488/1171/293 486/1170/293 485/1169/293
f 486/1176/294 481/1175/294 482/1174/294 485/1173/294
f 487/1180/295 484/1179/295 483/1178/295 488/1177/295
o elytra_left_wing_energy_cover3
v -0.5438890437958901 1.7862065655464352 0.5942444224244937
v -0.5427982683935598 1.8486970464937096 0.5942444224244937
v -0.5235441332427457 1.7858514438117712 0.5351495114495364
v -0.5224533578404155 1.8483419247590458 0.5351495114495365
v -0.6609700894611261 1.8507597433031298 0.553548403117349
v -0.6620608648634564 1.7882692623558551 0.553548403117349
v -0.6406251789079818 1.8504046215684657 0.4944534921423917
v -0.641715954310312 1.7879141406211914 0.49445349214239165
vt 0.0625 1
vt 0 1
vt 0 0.96875
vt 0.0625 0.96875
vt 0.03125 1
vt 0 1
vt 0 0.96875
vt 0.03125 0.96875
vt 0.03125 1
vt 0 1
vt 0 0.96875
vt 0.03125 0.96875
vt 0.0625 1
vt 0 1
vt 0 0.96875
vt 0.0625 0.96875
vt 0.0625 1
vt 0 1
vt 0 0.96875
vt 0.0625 0.96875
vn 0.017452406437283352 0.9998476951563914 2.524022657546255e-16
vn 0.9453745685405305 -0.01650157447536054 0.32556815445715825
vn -0.9453745685405305 0.01650157447536054 -0.32556815445715825
vn -0.32551856885030966 0.00568194775462235 0.9455185755993164
vn 0.32551856885030966 -0.00568194775462235 -0.9455185755993164
usemtl elytra
f 492/1184/296 495/1183/296 493/1182/296 490/1181/296
f 491/1188/297 492/1187/297 490/1186/297 489/1185/297
f 495/1192/298 496/1191/298 494/1190/298 493/1189/298
f 494/1196/299 489/1195/299 490/1194/299 493/1193/299
f 495/1200/300 492/1199/300 491/1198/300 496/1197/300
o elytra_left_wing_energy_cover4
v -0.6049237754553232 1.7872719307504268 0.7715291553493655
v -0.6038330000529929 1.8497624116977014 0.7715291553493655
v -0.5845788649021788 1.786916809015763 0.7124342443744083
v -0.5834880894998485 1.8494072899630374 0.7124342443744083
v -0.7220048211205592 1.8518251085071213 0.7308331360422208
v -0.7230955965228895 1.789334627559847 0.7308331360422208
v -0.7016599105674148 1.8514699867724576 0.6717382250672634
v -0.7027506859697451 1.788979505825183 0.6717382250672634
vt 0.0625 1
vt 0 1
vt 0 0.96875
vt 0.0625 0.96875
vt 0.03125 1
vt 0 1
vt 0 0.96875
vt 0.03125 0.96875
vt 0.03125 1
vt 0 1
vt 0 0.96875
vt 0.03125 0.96875
vt 0.0625 1
vt 0 1
vt 0 0.96875
vt 0.0625 0.96875
vt 0.0625 1
vt 0 1
vt 0 0.96875
vt 0.0625 0.96875
vn 0.017452406437283352 0.9998476951563914 2.524022657546255e-16
vn 0.9453745685405305 -0.01650157447536054 0.32556815445715825
vn -0.9453745685405305 0.01650157447536054 -0.32556815445715825
vn -0.32551856885030966 0.00568194775462235 0.9455185755993164
vn 0.32551856885030966 -0.00568194775462235 -0.9455185755993164
usemtl elytra
f 500/1204/301 503/1203/301 501/1202/301 498/1201/301
f 499/1208/302 500/1207/302 498/1206/302 497/1205/302
f 503/1212/303 504/1211/303 502/1210/303 501/1209/303
f 502/1216/304 497/1215/304 498/1214/304 501/1213/304
f 503/1220/305 500/1219/305 499/1218/305 504/1217/305
o elytra_left_wing_energy_cover5
v -0.6659585071147562 1.7883372959544186 0.9488138882742374
v -0.664867731712426 1.850827776901693 0.9488138882742374
v -0.6252686860084675 1.7876270524850908 0.8306240663243227
v -0.6241779106061373 1.8501175334323652 0.8306240663243227
v -0.7830395527799923 1.8528904737111132 0.9081178689670926
v -0.7841303281823224 1.7903999927638385 0.9081178689670926
v -0.7423497316737036 1.8521802302417854 0.789928047017178
v -0.7434405070760337 1.7896897492945107 0.789928047017178
vt 0.0625 1
vt 0 1
vt 0 0.9375
vt 0.0625 0.9375
vt 0.03125 1
vt 0 1
vt 0 0.9375
vt 0.03125 0.9375
vt 0.03125 1
vt 0 1
vt 0 0.9375
vt 0.03125 0.9375
vt 0.0625 1
vt 0 1
vt 0 0.96875
vt 0.0625 0.96875
vt 0.0625 1
vt 0 1
vt 0 0.96875
vt 0.0625 0.96875
vn 0.017452406437283352 0.9998476951563914 2.524022657546255e-16
vn 0.9453745685405305 -0.01650157447536054 0.32556815445715825
vn -0.9453745685405305 0.01650157447536054 -0.32556815445715825
vn -0.32551856885030966 0.00568194775462235 0.9455185755993164
vn 0.32551856885030966 -0.00568194775462235 -0.9455185755993164
usemtl elytra
f 508/1224/306 511/1223/306 509/1222/306 506/1221/306
f 507/1228/307 508/1227/307 506/1226/307 505/1225/307
f 511/1232/308 512/1231/308 510/1230/308 509/1229/308
f 510/1236/309 505/1235/309 506/1234/309 509/1233/309
f 511/1240/310 508/1239/310 507/1238/310 512/1237/310
o elytra_left_wing_energy_cover6
v -0.751394960286158 1.5429317744410365 1.0884770338925318
v -0.765009689817181 1.5873703262651906 1.1302634461765395
v -0.7210803224891553 1.6308044421424341 1.0049042093245166
v -0.7346950520201784 1.6752429939665883 1.046690621608524
v -0.8240956003509641 1.5884016746699006 1.109915436522967
v -0.8104808708199411 1.5439631228457464 1.0681290242389594
v -0.7937809625539615 1.6762743423712985 1.026342611954952
v -0.7801662330229385 1.6318357905471441 0.9845561996709442
vt 0.03125 1
vt 0 1
vt 0 0.9375
vt 0.03125 0.9375
vt 0.031250000000000056 1
vt 0 1
vt 0 0.9375
vt 0.031250000000000056 0.9375
vt 0.031250000000000056 1
vt 0 1
vt 0 0.9375
vt 0.031250000000000056 0.9375
vt 0.03125 1
vt 0 1
vt 0 0.96875
vt 0.03125 0.96875
vn -0.21783567249636707 0.7110168291864658 0.6685825965441218
vn 0.9453745685405306 -0.016501574475360523 0.3255681544571582
vn -0.9453745685405306 0.016501574475360523 -0.3255681544571582
vn -0.24251710237602098 -0.7029813416111828 0.6685825965441221
usemtl elytra
f 516/1244/311 519/1243/311 517/1242/311 514/1241/311
f 515/1248/312 516/1247/312 514/1246/312 513/1245/312
f 519/1252/313 520/1251/313 518/1250/313 517/1249/313
f 518/1256/314 513/1255/314 514/1254/314 517/1253/314
o elytra_left_wing_energy_mesh_led1
v -0.8299209845418223 1.0868230758882007 1.1973943040751673
v -0.8707651731348911 1.220138731360663 1.3227535409271902
v -0.5874038821658014 1.7898044174993837 0.5288117075310456
v -0.6282480707588702 1.923120072971846 0.6541709443830684
v -0.8707651731348911 1.220138731360663 1.3227535409271902
v -0.8299209845418223 1.0868230758882007 1.1973943040751673
v -0.6282480707588702 1.923120072971846 0.6541709443830684
v -0.5874038821658014 1.7898044174993837 0.5288117075310456
vt 0.21875 1
vt 0.15625 1
vt 0.15625 0.8125
vt 0.21875 0.8125
vt 0.71875 1
vt 0.53125 1
vt 0.53125 0
vt 0.71875 0
vt 0.21875 1
vt 0.15625 1
vt 0.15625 0.8125
vt 0.21875 0.8125
vt 0.53125 1
vt 0.71875 1
vt 0.71875 0
vt 0.53125 0
vt 0.21875 1
vt 0.15625 1
vt 0.15625 0.96875
vt 0.21875 0.96875
vt 0.21875 1
vt 0.15625 1
vt 0.15625 0.96875
vt 0.21875 0.96875
vn -0.2178356724963671 0.7110168291864655 0.6685825965441219
vn 0.9453745685405306 -0.01650157447536058 0.32556815445715825
vn 0.2178356724963671 -0.7110168291864655 -0.6685825965441219
vn -0.9453745685405306 0.01650157447536058 -0.32556815445715825
vn -0.2425171023760209 -0.702981341611183 0.6685825965441219
vn 0.2425171023760209 0.702981341611183 -0.6685825965441219
usemtl elytra_led
f 524/1260/315 527/1259/315 525/1258/315 522/1257/315
f 523/1264/316 524/1263/316 522/1262/316 521/1261/316
f 528/1268/317 523/1267/317 521/1266/317 526/1265/317
f 527/1272/318 528/1271/318 526/1270/318 525/1269/318
f 526/1276/319 521/1275/319 522/1274/319 525/1273/319
f 527/1280/320 524/1279/320 523/1278/320 528/1277/320
o elytra_left_wing_energy_mesh_led2
v -0.7585944704761889 1.092208202829513 0.9905515632693297
v -0.7858239295382348 1.1810853064778213 1.074124387837345
v -0.5463920058971706 1.7073168767392979 0.4055417912932231
v -0.5736214649592165 1.7961939803876061 0.4891146158612384
v -0.7858239295382348 1.1810853064778213 1.074124387837345
v -0.7585944704761889 1.092208202829513 0.9905515632693297
v -0.5736214649592165 1.7961939803876061 0.4891146158612384
v -0.5463920058971706 1.7073168767392979 0.4055417912932231
vt 0.21875 1
vt 0.15625 1
vt 0.15625 0.8125
vt 0.21875 0.8125
vt 0.53125 1
vt 0.40625 1
vt 0.40625 0.125
vt 0.53125 0.125
vt 0.21875 1
vt 0.15625 1
vt 0.15625 0.8125
vt 0.21875 0.8125
vt 0.40625 1
vt 0.53125 1
vt 0.53125 0.125
vt 0.40625 0.125
vt 0.21875 1
vt 0.15625 1
vt 0.15625 0.96875
vt 0.21875 0.96875
vt 0.21875 1
vt 0.15625 1
vt 0.15625 0.96875
vt 0.21875 0.96875
vn -0.2178356724963671 0.7110168291864655 0.6685825965441219
vn 0.9453745685405306 -0.01650157447536058 0.32556815445715825
vn 0.2178356724963671 -0.7110168291864655 -0.6685825965441219
vn -0.9453745685405306 0.01650157447536058 -0.32556815445715825
vn -0.2425171023760209 -0.702981341611183 0.6685825965441219
vn 0.2425171023760209 0.702981341611183 -0.6685825965441219
usemtl elytra_led
f 532/1284/321 535/1283/321 533/1282/321 530/1281/321
f 531/1288/322 532/1287/322 530/1286/322 529/1285/322
f 536/1292/323 531/1291/323 529/1290/323 534/1289/323
f 535/1296/324 536/1295/324 534/1294/324 533/1293/324
f 534/1300/325 529/1299/325 530/1298/325 533/1297/325
f 535/1304/326 532/1303/326 531/1302/326 536/1301/326
o elytra_left_wing_energy_mesh_led3
v -0.657711184558478 1.183269180779688 0.7022253185096775
v -0.6849406436205239 1.272146284427996 0.7857981430776927
v -0.5061379955734651 1.6226325192866773 0.2843611956696014
v -0.5333674546355109 1.7115096229349853 0.36793402023761657
v -0.6849406436205239 1.272146284427996 0.7857981430776927
v -0.657711184558478 1.183269180779688 0.7022253185096775
v -0.5333674546355109 1.7115096229349853 0.36793402023761657
v -0.5061379955734651 1.6226325192866773 0.2843611956696014
vt 0.21875 1
vt 0.15625 1
vt 0.15625 0.8125
vt 0.21875 0.8125
vt 0.40625 1
vt 0.28125 1
vt 0.28125 0.375
vt 0.40625 0.375
vt 0.21875 1
vt 0.15625 1
vt 0.15625 0.8125
vt 0.21875 0.8125
vt 0.28125 1
vt 0.40625 1
vt 0.40625 0.375
vt 0.28125 0.375
vt 0.21875 1
vt 0.15625 1
vt 0.15625 0.96875
vt 0.21875 0.96875
vt 0.21875 1
vt 0.15625 1
vt 0.15625 0.96875
vt 0.21875 0.96875
vn -0.2178356724963671 0.7110168291864655 0.6685825965441219
vn 0.9453745685405306 -0.01650157447536058 0.32556815445715825
vn 0.2178356724963671 -0.7110168291864655 -0.6685825965441219
vn -0.9453745685405306 0.01650157447536058 -0.32556815445715825
vn -0.2425171023760209 -0.702981341611183 0.6685825965441219
vn 0.2425171023760209 0.702981341611183 -0.6685825965441219
usemtl elytra_led
f 540/1308/327 543/1307/327 541/1306/327 538/1305/327
f 539/1312/328 540/1311/328 538/1310/328 537/1309/328
f 544/1316/329 539/1315/329 537/1314/329 542/1313/329
f 543/1320/330 544/1319/330 542/1318/330 541/1317/330
f 542/1324/331 537/1323/331 538/1322/331 541/1321/331
f 543/1328/332 540/1327/332 539/1326/332 544/1325/332
o inactive_elytra_right_arm_right_wing_base
v 0.5137534999012615 1.428281462729857 0.10465199034642764
v 0.5409829589633074 1.5171585663781653 0.18822481491444282
v 0.4834388621042589 1.516154130431255 0.0210791657784124
v 0.5106683211663048 1.605031234079563 0.10465199034642758
v 0.4228111378957411 1.515095869568745 0.2289208342215876
v 0.39558167883369516 1.426218765920437 0.14534800965357242
v 0.3924965000987385 1.602968537270143 0.14534800965357236
v 0.3652670410366926 1.5140914336218347 0.06177518508555718
vt 0.0625 0.8125
vt 0.125 0.8125
vt 0.125 0.75
vt 0.0625 0.75
vt 0.0625 0.8125
vt 0.125 0.8125
vt 0.125 0.75
vt 0.0625 0.75
vt 0.0625 0.8125
vt 0.125 0.8125
vt 0.125 0.75
vt 0.0625 0.75
vt 0.0625 0.8125
vt 0.125 0.8125
vt 0.125 0.75
vt 0.0625 0.75
vt 0.0625 0.8125
vt 0.125 0.8125
vt 0.125 0.75
vt 0.0625 0.75
vn 0.21783567249636737 0.7110168291864657 0.6685825965441218
vn 0.9453745685405306 0.01650157447536022 -0.32556815445715837
vn -0.21783567249636737 -0.7110168291864657 -0.6685825965441218
vn -0.9453745685405306 -0.01650157447536022 0.32556815445715837
vn -0.24251710237602075 0.7029813416111828 -0.668582596544122
usemtl elytra
f 548/1332/333 551/1331/333 549/1330/333 546/1329/333
f 547/1336/334 548/1335/334 546/1334/334 545/1333/334
f 552/1340/335 547/1339/335 545/1338/335 550/1337/335
f 551/1344/336 552/1343/336 550/1342/336 549/1341/336
f 551/1348/337 548/1347/337 547/1346/337 552/1345/337
o inactive_elytra_right_arm_right_wing_energy_channel1
v 0.5565934567441206 1.1969744813179688 0.31331145352225
v 0.5838229158061665 1.285851584966277 0.39688427809026516
v 0.4808068622516142 1.4166561505714634 0.10437939210221193
v 0.50803632131366 1.5055332542197717 0.1879522166702271
v 0.5247370052723834 1.284820236561567 0.4172322877438376
v 0.4975075462103375 1.1959431329132588 0.3336594631758224
v 0.44895041077987696 1.5045019058150617 0.20830022632379952
v 0.421720951717831 1.4156248021667535 0.12472740175578433
vt 0 0.9375
vt 0.03125 0.9375
vt 0.03125 0.78125
vt 0 0.78125
vt 0 0.9375
vt 0.0625 0.9375
vt 0.0625 0.78125
vt 0 0.78125
vt 0 0.9375
vt 0.03125 0.9375
vt 0.03125 0.78125
vt 0 0.78125
vt 0 0.9375
vt 0.0625 0.9375
vt 0.0625 0.78125
vt 0 0.78125
vt 0 0.8125
vt 0 0.78125
vt 0.0625 0.78125
vt 0.0625 0.8125
vn 0.21783567249636737 0.7110168291864657 0.6685825965441218
vn 0.9453745685405306 0.01650157447536022 -0.32556815445715837
vn -0.21783567249636737 -0.7110168291864657 -0.6685825965441218
vn -0.9453745685405306 -0.01650157447536022 0.32556815445715837
vn -0.24251710237602075 0.7029813416111828 -0.668582596544122
usemtl elytra
f 556/1352/338 559/1351/338 557/1350/338 554/1349/338
f 555/1356/339 556/1355/339 554/1354/339 553/1353/339
f 560/1360/340 555/1359/340 553/1358/340 558/1357/340
f 559/1364/341 560/1363/341 558/1362/341 557/1361/341
f 559/1368/342 556/1367/342 555/1366/342 560/1365/342
o inactive_elytra_right_arm_right_wing_energy_channel2
v 0.5585267067959789 0.7300827416783503 0.29526053760961724
v 0.5992165279022676 0.7307929851476781 0.41345035955953174
v 0.5498005035773373 1.230006589256546 0.2952605376096171
v 0.5904903246836261 1.2307168327258737 0.41345035955953163
v 0.5401306173684844 0.7297616367429681 0.43379836921310416
v 0.49944079626219573 0.7290513932736403 0.31560854726318965
v 0.5314044141498429 1.2296854843211638 0.43379836921310405
v 0.49071459304355414 1.2289752408518357 0.31560854726318954
vt 0 0.78125
vt 0.03125 0.78125
vt 0.03125 0.53125
vt 0 0.53125
vt 0 0.78125
vt 0.0625 0.78125
vt 0.0625 0.53125
vt 0 0.53125
vt 0 0.78125
vt 0.03125 0.78125
vt 0.03125 0.53125
vt 0 0.53125
vt 0 0.78125
vt 0.0625 0.78125
vt 0.0625 0.53125
vt 0 0.53125
vn 0.3255185688503097 0.005681947754622709 0.9455185755993163
vn 0.9453745685405305 0.016501574475360214 -0.32556815445715837
vn -0.3255185688503097 -0.005681947754622709 -0.9455185755993163
vn -0.9453745685405305 -0.016501574475360214 0.32556815445715837
usemtl elytra
f 564/1372/343 567/1371/343 565/1370/343 562/1369/343
f 563/1376/344 564/1375/344 562/1374/344 561/1373/344
f 568/1380/345 563/1379/345 561/1378/345 566/1377/345
f 567/1384/346 568/1383/346 566/1382/346 565/1381/346
o inactive_elytra_right_arm_right_wing_energy_channel3
v 0.5346865185179605 0.5970638921354267 0.21929202588323288
v 0.5498438374164618 0.5531275582847277 0.26107843816724063
v 0.5891454366420523 0.7748180994320432 0.3864376750192631
v 0.6043027555405536 0.7308817655813441 0.4282240873032709
v 0.4907579268826786 0.5520962098800176 0.28142644782081294
v 0.4756006079841773 0.5960325437307166 0.23964003553680524
v 0.5452168450067705 0.7298504171766341 0.44857209695684325
v 0.5300595261082691 0.7737867510273331 0.40678568467283555
vt 0 0.9375
vt 0.03125 0.9375
vt 0.03125 0.875
vt 0 0.875
vt 0 0.9375
vt 0.031250000000000056 0.9375
vt 0.031250000000000056 0.875
vt 0 0.875
vt 0 0.9375
vt 0.031250000000000056 0.9375
vt 0.031250000000000056 0.875
vt 0 0.875
vt 0 1
vt 0.03125 1
vt 0.03125 0.96875
vt 0 0.96875
vn 0.24251710237602087 -0.7029813416111824 0.6685825965441223
vn 0.9453745685405306 0.016501574475360194 -0.32556815445715837
vn -0.9453745685405306 -0.016501574475360194 0.32556815445715837
vn -0.21783567249636726 -0.711016829186466 -0.6685825965441214
usemtl elytra
f 572/1388/347 575/1387/347 573/1386/347 570/1385/347
f 571/1392/348 572/1391/348 570/1390/348 569/1389/348
f 575/1396/349 576/1395/349 574/1394/349 573/1393/349
f 574/1400/350 569/1399/350 570/1398/350 573/1397/350
o inactive_elytra_right_arm_right_wing_arm1
v 0.589540094393768 1.2085997934763624 0.31358405176646575
v 0.6031548239247909 1.2530383453005165 0.35537046405047334
v 0.5137534999012615 1.428281462729857 0.10465199034642764
v 0.5273682294322845 1.4727200145540111 0.14643840263043523
v 0.4849830028572246 1.2509756484910963 0.39606648335761807
v 0.4713682733262017 1.2065370966669424 0.3542800710736105
v 0.40919640836471816 1.470657317744591 0.18713442193758
v 0.39558167883369516 1.426218765920437 0.14534800965357242
vt 0.21875 0.8125
vt 0.28125 0.8125
vt 0.28125 0.65625
vt 0.21875 0.65625
vt 0.21875 0.8125
vt 0.25 0.8125
vt 0.25 0.65625
vt 0.21875 0.65625
vt 0.21875 0.8125
vt 0.28125 0.8125
vt 0.28125 0.65625
vt 0.21875 0.65625
vt 0.21875 0.8125
vt 0.25 0.8125
vt 0.25 0.65625
vt 0.21875 0.65625
vn 0.21783567249636737 0.7110168291864657 0.6685825965441218
vn 0.9453745685405306 0.01650157447536022 -0.32556815445715837
vn -0.21783567249636737 -0.7110168291864657 -0.6685825965441218
vn -0.9453745685405306 -0.01650157447536022 0.32556815445715837
usemtl elytra
f 580/1404/351 583/1403/351 581/1402/351 578/1401/351
f 579/1408/352 580/1407/352 578/1406/352 577/1405/352
f 584/1412/353 579/1411/353 577/1410/353 582/1409/353
f 583/1416/354 584/1415/354 582/1414/354 581/1413/354
o inactive_elytra_right_arm_right_wing_arm2
v 0.5942466651034868 0.6681967153670969 0.2998602605265704
v 0.6145915756566311 0.6685518371017608 0.3589551715015276
v 0.5833389110801848 1.2931015248398412 0.2998602605265702
v 0.6036838216333291 1.2934566465745052 0.3589551715015275
v 0.4964197545890648 0.6664891402923409 0.3996511908086724
v 0.47607484403592043 0.666134018557677 0.34055627983371517
v 0.4855120005657628 1.291393949765085 0.3996511908086723
v 0.46516709001261847 1.2910388280304212 0.340556279833715
vt 0.15625 1
vt 0.21875 1
vt 0.21875 0.6875
vt 0.15625 0.6875
vt 0.15625 1
vt 0.1875 1
vt 0.1875 0.6875
vt 0.15625 0.6875
vt 0.15625 1
vt 0.21875 1
vt 0.21875 0.6875
vt 0.15625 0.6875
vt 0.15625 1
vt 0.1875 1
vt 0.1875 0.6875
vt 0.15625 0.6875
vt 0.15625 1
vt 0.21875 1
vt 0.21875 0.96875
vt 0.15625 0.96875
vt 0.15625 1
vt 0.21875 1
vt 0.21875 0.96875
vt 0.15625 0.96875
vn 0.3255185688503097 0.005681947754622709 0.9455185755993163
vn 0.9453745685405305 0.016501574475360214 -0.32556815445715837
vn -0.3255185688503097 -0.005681947754622709 -0.9455185755993163
vn -0.9453745685405305 -0.016501574475360214 0.32556815445715837
vn 0.017452406437283158 -0.9998476951563913 1.6479873021779672e-16
vn -0.017452406437283158 0.9998476951563913 -1.6479873021779672e-16
usemtl elytra
f 588/1420/355 591/1419/355 589/1418/355 586/1417/355
f 587/1424/356 588/1423/356 586/1422/356 585/1421/356
f 592/1428/357 587/1427/357 585/1426/357 590/1425/357
f 591/1432/358 592/1431/358 590/1430/358 589/1429/358
f 590/1436/359 585/1435/359 586/1434/359 589/1433/359
f 591/1440/360 588/1439/360 587/1438/360 592/1437/360
o inactive_elytra_right_arm_right_wing_arm3
v 0.5158066257425326 0.4862320777906688 0.06286557806242021
v 0.5309639446410338 0.44229574393996984 0.10465199034642786
v 0.5974950029286703 0.7528633887355934 0.31358405176646553
v 0.6126523218271716 0.7089270548848945 0.35537046405047323
v 0.41279212357346756 0.4402330471305498 0.14534800965357259
v 0.39763480467496626 0.48416938098124873 0.10356159736956494
v 0.49448050075960526 0.7068643580754745 0.396066483357618
v 0.47932318186110395 0.7508006919261734 0.35428007107361037
vt 0.21875 0.65625
vt 0.28125 0.65625
vt 0.28125 0.46875
vt 0.21875 0.46875
vt 0.21875 0.65625
vt 0.25000000000000006 0.65625
vt 0.25000000000000006 0.46875
vt 0.21875 0.46875
vt 0.21875 0.65625
vt 0.28125 0.65625
vt 0.28125 0.46875
vt 0.21875 0.46875
vt 0.21875 0.65625
vt 0.25000000000000006 0.65625
vt 0.25000000000000006 0.46875
vt 0.21875 0.46875
vt 0.21875 0.65625
vt 0.28125 0.65625
vt 0.28125 0.625
vt 0.21875 0.625
vn 0.24251710237602087 -0.7029813416111824 0.6685825965441223
vn 0.9453745685405306 0.016501574475360194 -0.32556815445715837
vn -0.24251710237602087 0.7029813416111824 -0.6685825965441223
vn -0.9453745685405306 -0.016501574475360194 0.32556815445715837
vn -0.21783567249636726 -0.711016829186466 -0.6685825965441214
usemtl elytra
f 596/1444/361 599/1443/361 597/1442/361 594/1441/361
f 595/1448/362 596/1447/362 594/1446/362 593/1445/362
f 600/1452/363 595/1451/363 593/1450/363 598/1449/363
f 599/1456/364 600/1455/364 598/1454/364 597/1453/364
f 598/1460/365 593/1459/365 594/1458/365 597/1457/365
o inactive_elytra_right_arm_right_wing_energy_cover1
v 0.5576828672292871 1.3848473468526132 0.23001122719845046
v 0.57129759676031 1.4292858986767674 0.27179763948245805
v 0.5273682294322845 1.4727200145540111 0.14643840263043523
v 0.5409829589633074 1.5171585663781653 0.18822481491444282
v 0.4531257756927437 1.4272232018673474 0.31249365878960284
v 0.4395110461617207 1.3827846500431933 0.27070724650559524
v 0.4228111378957411 1.515095869568745 0.2289208342215876
v 0.40919640836471816 1.470657317744591 0.18713442193758
vt 0 1
vt 0.0625 1
vt 0.0625 0.9375
vt 0 0.9375
vt 0 1
vt 0.03125 1
vt 0.03125 0.9375
vt 0 0.9375
vt 0 1
vt 0.0625 1
vt 0.0625 0.9375
vt 0 0.9375
vt 0 1
vt 0.03125 1
vt 0.03125 0.9375
vt 0 0.9375
vt 0 1
vt 0.0625 1
vt 0.0625 0.96875
vt 0 0.96875
vn 0.21783567249636737 0.7110168291864657 0.6685825965441218
vn 0.9453745685405306 0.01650157447536022 -0.32556815445715837
vn -0.21783567249636737 -0.7110168291864657 -0.6685825965441218
vn -0.9453745685405306 -0.01650157447536022 0.32556815445715837
vn 0.24251710237602075 -0.7029813416111828 0.668582596544122
usemtl elytra
f 604/1464/366 607/1463/366 605/1462/366 602/1461/366
f 603/1468/367 604/1467/367 602/1466/367 601/1465/367
f 608/1472/368 603/1471/368 601/1470/368 606/1469/368
f 607/1476/369 608/1475/369 606/1474/369 605/1473/369
f 606/1480/370 601/1479/370 602/1478/370 605/1477/370
o inactive_elytra_right_arm_right_wing_energy_cover2
v 0.6058653724379895 1.1684756846799562 0.3589551715015275
v 0.6262102829911339 1.1688308064146202 0.4180500824764848
v 0.6036838216333291 1.2934566465745052 0.3589551715015275
v 0.6240287321864735 1.293811768309169 0.41805008247648473
v 0.5080384619235676 1.1667681096052003 0.45874610178362957
v 0.48769355137042325 1.1664129878705363 0.3996511908086723
v 0.5058569111189072 1.291749071499749 0.4587461017836295
v 0.4855120005657628 1.291393949765085 0.3996511908086723
vt 0 1
vt 0.0625 1
vt 0.0625 0.9375
vt 0 0.9375
vt 0 1
vt 0.03125 1
vt 0.03125 0.9375
vt 0 0.9375
vt 0 1
vt 0.03125 1
vt 0.03125 0.9375
vt 0 0.9375
vt 0 1
vt 0.0625 1
vt 0.0625 0.96875
vt 0 0.96875
vt 0 1
vt 0.0625 1
vt 0.0625 0.96875
vt 0 0.96875
vn 0.3255185688503097 0.005681947754622709 0.9455185755993163
vn 0.9453745685405305 0.016501574475360214 -0.32556815445715837
vn -0.9453745685405305 -0.016501574475360214 0.32556815445715837
vn 0.017452406437283158 -0.9998476951563913 1.6479873021779672e-16
vn -0.017452406437283158 0.9998476951563913 -1.6479873021779672e-16
usemtl elytra
f 612/1484/371 615/1483/371 613/1482/371 610/1481/371
f 611/1488/372 612/1487/372 610/1486/372 609/1485/372
f 615/1492/373 616/1491/373 614/1490/373 613/1489/373
f 614/1496/374 609/1495/374 610/1494/374 613/1493/374
f 615/1500/375 612/1499/375 611/1498/375 616/1497/375
o inactive_elytra_right_arm_right_wing_energy_cover3
v 0.60804692324265 1.0434947227854074 0.35895517150152756
v 0.6283918337957943 1.0438498445200712 0.4180500824764848
v 0.6069561478403197 1.1059852037326818 0.35895517150152756
v 0.6273010583934641 1.1063403254673458 0.4180500824764848
v 0.5102200127282279 1.0417871477106513 0.45874610178362957
v 0.4898751021750836 1.0414320259759875 0.39965119080867234
v 0.5091292373258978 1.1042776286579257 0.45874610178362957
v 0.4887843267727534 1.1039225069232619 0.3996511908086723
vt 0 1
vt 0.0625 1
vt 0.0625 0.96875
vt 0 0.96875
vt 0 1
vt 0.03125 1
vt 0.03125 0.96875
vt 0 0.96875
vt 0 1
vt 0.03125 1
vt 0.03125 0.96875
vt 0 0.96875
vt 0 1
vt 0.0625 1
vt 0.0625 0.96875
vt 0 0.96875
vt 0 1
vt 0.0625 1
vt 0.0625 0.96875
vt 0 0.96875
vn 0.3255185688503097 0.005681947754622709 0.9455185755993163
vn 0.9453745685405305 0.016501574475360214 -0.32556815445715837
vn -0.9453745685405305 -0.016501574475360214 0.32556815445715837
vn 0.017452406437283158 -0.9998476951563913 1.6479873021779672e-16
vn -0.017452406437283158 0.9998476951563913 -1.6479873021779672e-16
usemtl elytra
f 620/1504/376 623/1503/376 621/1502/376 618/1501/376
f 619/1508/377 620/1507/377 618/1506/377 617/1505/377
f 623/1512/378 624/1511/378 622/1510/378 621/1509/378
f 622/1516/379 617/1515/379 618/1514/379 621/1513/379
f 623/1520/380 620/1519/380 619/1518/380 624/1517/380
o inactive_elytra_right_arm_right_wing_energy_cover4
v 0.6113192494496406 0.8560232799435841 0.35895517150152756
v 0.6316641600027849 0.8563784016782481 0.41805008247648484
v 0.6102284740473103 0.9185137608908586 0.35895517150152756
v 0.6305733846004546 0.9188688826255225 0.41805008247648484
v 0.5134923389352186 0.8543157048688279 0.4587461017836296
v 0.4931474283820742 0.8539605831341641 0.3996511908086724
v 0.5124015635328883 0.9168061858161024 0.4587461017836296
v 0.492056652979744 0.9164510640814385 0.39965119080867234
vt 0 1
vt 0.0625 1
vt 0.0625 0.96875
vt 0 0.96875
vt 0 1
vt 0.03125 1
vt 0.03125 0.96875
vt 0 0.96875
vt 0 1
vt 0.03125 1
vt 0.03125 0.96875
vt 0 0.96875
vt 0 1
vt 0.0625 1
vt 0.0625 0.96875
vt 0 0.96875
vt 0 1
vt 0.0625 1
vt 0.0625 0.96875
vt 0 0.96875
vn 0.3255185688503097 0.005681947754622709 0.9455185755993163
vn 0.9453745685405305 0.016501574475360214 -0.32556815445715837
vn -0.9453745685405305 -0.016501574475360214 0.32556815445715837
vn 0.017452406437283158 -0.9998476951563913 1.6479873021779672e-16
vn -0.017452406437283158 0.9998476951563913 -1.6479873021779672e-16
usemtl elytra
f 628/1524/381 631/1523/381 629/1522/381 626/1521/381
f 627/1528/382 628/1527/382 626/1526/382 625/1525/382
f 631/1532/383 632/1531/383 630/1530/383 629/1529/383
f 630/1536/384 625/1535/384 626/1534/384 629/1533/384
f 631/1540/385 628/1539/385 627/1538/385 632/1537/385
o inactive_elytra_right_arm_right_wing_energy_cover5
v 0.6145915756566311 0.6685518371017608 0.3589551715015276
v 0.6349364862097755 0.6689069588364247 0.4180500824764849
v 0.6124100248519707 0.7935327989963097 0.3589551715015276
v 0.6327549354051151 0.7938879207309736 0.41805008247648484
v 0.5167646651422091 0.6668442620270048 0.4587461017836297
v 0.4964197545890648 0.6664891402923409 0.3996511908086724
v 0.5145831143375488 0.7918252239215535 0.4587461017836296
v 0.4942382037844044 0.7914701021868896 0.3996511908086724
vt 0 1
vt 0.0625 1
vt 0.0625 0.9375
vt 0 0.9375
vt 0 1
vt 0.03125 1
vt 0.03125 0.9375
vt 0 0.9375
vt 0 1
vt 0.03125 1
vt 0.03125 0.9375
vt 0 0.9375
vt 0 1
vt 0.0625 1
vt 0.0625 0.96875
vt 0 0.96875
vt 0 1
vt 0.0625 1
vt 0.0625 0.96875
vt 0 0.96875
vn 0.3255185688503097 0.005681947754622709 0.9455185755993163
vn 0.9453745685405305 0.016501574475360214 -0.32556815445715837
vn -0.9453745685405305 -0.016501574475360214 0.32556815445715837
vn 0.017452406437283158 -0.9998476951563913 1.6479873021779672e-16
vn -0.017452406437283158 0.9998476951563913 -1.6479873021779672e-16
usemtl elytra
f 636/1544/386 639/1543/386 637/1542/386 634/1541/386
f 635/1548/387 636/1547/387 634/1546/387 633/1545/387
f 639/1552/388 640/1551/388 638/1550/388 637/1549/388
f 638/1556/389 633/1555/389 634/1554/389 637/1553/389
f 639/1560/390 636/1559/390 635/1558/390 640/1557/390
o inactive_elytra_right_arm_right_wing_energy_cover6
v 0.5074570594559146 0.5081867884871184 0.1357192013152177
v 0.5226143783544159 0.4642504546364194 0.1775056135992254
v 0.5346865185179605 0.5970638921354267 0.21929202588323288
v 0.5498438374164618 0.5531275582847277 0.26107843816724063
v 0.46352846782063273 0.4632191062317094 0.19785362325279784
v 0.4483711489221314 0.5071554400824084 0.15606721096879012
v 0.4907579268826786 0.5520962098800176 0.28142644782081294
v 0.4756006079841773 0.5960325437307166 0.23964003553680524
vt 0 1
vt 0.03125 1
vt 0.03125 0.9375
vt 0 0.9375
vt 0 1
vt 0.031250000000000056 1
vt 0.031250000000000056 0.9375
vt 0 0.9375
vt 0 1
vt 0.031250000000000056 1
vt 0.031250000000000056 0.9375
vt 0 0.9375
vt 0 1
vt 0.03125 1
vt 0.03125 0.96875
vt 0 0.96875
vn 0.24251710237602087 -0.7029813416111824 0.6685825965441223
vn 0.9453745685405306 0.016501574475360194 -0.32556815445715837
vn -0.9453745685405306 -0.016501574475360194 0.32556815445715837
vn -0.21783567249636726 -0.711016829186466 -0.6685825965441214
usemtl elytra
f 644/1564/391 647/1563/391 645/1562/391 642/1561/391
f 643/1568/392 644/1567/392 642/1566/392 641/1565/392
f 647/1572/393 648/1571/393 646/1570/393 645/1569/393
f 646/1576/394 641/1575/394 642/1574/394 645/1573/394
o inactive_elytra_left_arm_left_wing_base
v -0.39558167883369516 1.426218765920437 0.14534800965357242
v -0.4228111378957411 1.515095869568745 0.2289208342215876
v -0.3652670410366926 1.5140914336218347 0.06177518508555718
v -0.3924965000987385 1.602968537270143 0.14534800965357236
v -0.5409829589633074 1.5171585663781653 0.18822481491444282
v -0.5137534999012615 1.428281462729857 0.10465199034642764
v -0.5106683211663048 1.605031234079563 0.10465199034642758
v -0.4834388621042589 1.516154130431255 0.0210791657784124
vt 0.125 0.8125
vt 0.0625 0.8125
vt 0.0625 0.75
vt 0.125 0.75
vt 0.125 0.8125
vt 0.0625 0.8125
vt 0.0625 0.75
vt 0.125 0.75
vt 0.125 0.8125
vt 0.0625 0.8125
vt 0.0625 0.75
vt 0.125 0.75
vt 0.125 0.8125
vt 0.0625 0.8125
vt 0.0625 0.75
vt 0.125 0.75
vt 0.125 0.8125
vt 0.0625 0.8125
vt 0.0625 0.75
vt 0.125 0.75
vn -0.21783567249636737 0.7110168291864657 0.6685825965441218
vn 0.9453745685405306 -0.01650157447536022 0.32556815445715837
vn 0.21783567249636737 -0.7110168291864657 -0.6685825965441218
vn -0.9453745685405306 0.01650157447536022 -0.32556815445715837
vn 0.24251710237602075 0.7029813416111828 -0.668582596544122
usemtl elytra
f 652/1580/395 655/1579/395 653/1578/395 650/1577/395
f 651/1584/396 652/1583/396 650/1582/396 649/1581/396
f 656/1588/397 651/1587/397 649/1586/397 654/1585/397
f 655/1592/398 656/1591/398 654/1590/398 653/1589/398
f 655/1596/399 652/1595/399 651/1594/399 656/1593/399
o inactive_elytra_left_arm_left_wing_energy_channel1
v -0.4975075462103375 1.1959431329132588 0.3336594631758224
v -0.5247370052723834 1.284820236561567 0.4172322877438376
v -0.421720951717831 1.4156248021667535 0.12472740175578433
v -0.44895041077987696 1.5045019058150617 0.20830022632379952
v -0.5838229158061665 1.285851584966277 0.39688427809026516
v -0.5565934567441206 1.1969744813179688 0.31331145352225
v -0.50803632131366 1.5055332542197717 0.1879522166702271
v -0.4808068622516142 1.4166561505714634 0.10437939210221193
vt 0.03125 0.9375
vt 0 0.9375
vt 0 0.78125
vt 0.03125 0.78125
vt 0.0625 0.9375
vt 0 0.9375
vt 0 0.78125
vt 0.0625 0.78125
vt 0.03125 0.9375
vt 0 0.9375
vt 0 0.78125
vt 0.03125 0.78125
vt 0.0625 0.9375
vt 0 0.9375
vt 0 0.78125
vt 0.0625 0.78125
vt 0 0.78125
vt 0 0.8125
vt 0.0625 0.8125
vt 0.0625 0.78125
vn -0.21783567249636737 0.7110168291864657 0.6685825965441218
vn 0.9453745685405306 -0.01650157447536022 0.32556815445715837
vn 0.21783567249636737 -0.7110168291864657 -0.6685825965441218
vn -0.9453745685405306 0.01650157447536022 -0.32556815445715837
vn 0.24251710237602075 0.7029813416111828 -0.668582596544122
usemtl elytra
f 660/1600/400 663/1599/400 661/1598/400 658/1597/400
f 659/1604/401 660/1603/401 658/1602/401 657/1601/401
f 664/1608/402 659/1607/402 657/1606/402 662/1605/402
f 663/1612/403 664/1611/403 662/1610/403 661/1609/403
f 663/1616/404 660/1615/404 659/1614/404 664/1613/404
o inactive_elytra_left_arm_left_wing_energy_channel2
v -0.49944079626219573 0.7290513932736403 0.31560854726318965
v -0.5401306173684844 0.7297616367429681 0.43379836921310416
v -0.49071459304355414 1.2289752408518357 0.31560854726318954
v -0.5314044141498429 1.2296854843211638 0.43379836921310405
v -0.5992165279022676 0.7307929851476781 0.41345035955953174
v -0.5585267067959789 0.7300827416783503 0.29526053760961724
v -0.5904903246836261 1.2307168327258737 0.41345035955953163
v -0.5498005035773373 1.230006589256546 0.2952605376096171
vt 0.03125 0.78125
vt 0 0.78125
vt 0 0.53125
vt 0.03125 0.53125
vt 0.0625 0.78125
vt 0 0.78125
vt 0 0.53125
vt 0.0625 0.53125
vt 0.03125 0.78125
vt 0 0.78125
vt 0 0.53125
vt 0.03125 0.53125
vt 0.0625 0.78125
vt 0 0.78125
vt 0 0.53125
vt 0.0625 0.53125
vn -0.3255185688503097 0.005681947754622709 0.9455185755993163
vn 0.9453745685405305 -0.016501574475360214 0.32556815445715837
vn 0.3255185688503097 -0.005681947754622709 -0.9455185755993163
vn -0.9453745685405305 0.016501574475360214 -0.32556815445715837
usemtl elytra
f 668/1620/405 671/1619/405 669/1618/405 666/1617/405
f 667/1624/406 668/1623/406 666/1622/406 665/1621/406
f 672/1628/407 667/1627/407 665/1626/407 670/1625/407
f 671/1632/408 672/1631/408 670/1630/408 669/1629/408
o inactive_elytra_left_arm_left_wing_energy_channel3
v -0.4756006079841773 0.5960325437307166 0.23964003553680524
v -0.4907579268826786 0.5520962098800176 0.28142644782081294
v -0.5300595261082691 0.7737867510273331 0.40678568467283555
v -0.5452168450067705 0.7298504171766341 0.44857209695684325
v -0.5498438374164618 0.5531275582847277 0.26107843816724063
v -0.5346865185179605 0.5970638921354267 0.21929202588323288
v -0.6043027555405536 0.7308817655813441 0.4282240873032709
v -0.5891454366420523 0.7748180994320432 0.3864376750192631
vt 0.03125 0.9375
vt 0 0.9375
vt 0 0.875
vt 0.03125 0.875
vt 0.031250000000000056 0.9375
vt 0 0.9375
vt 0 0.875
vt 0.031250000000000056 0.875
vt 0.031250000000000056 0.9375
vt 0 0.9375
vt 0 0.875
vt 0.031250000000000056 0.875
vn -0.24251710237602087 -0.7029813416111824 0.6685825965441223
vn 0.9453745685405306 -0.016501574475360194 0.32556815445715837
vn -0.9453745685405306 0.016501574475360194 -0.32556815445715837
usemtl elytra
f 676/1636/409 679/1635/409 677/1634/409 674/1633/409
f 675/1640/410 676/1639/410 674/1638/410 673/1637/410
f 679/1644/411 680/1643/411 678/1642/411 677/1641/411
o inactive_elytra_left_arm_left_wing_arm1
v -0.4713682733262017 1.2065370966669424 0.3542800710736105
v -0.4849830028572246 1.2509756484910963 0.39606648335761807
v -0.39558167883369516 1.426218765920437 0.14534800965357242
v -0.40919640836471816 1.470657317744591 0.18713442193758
v -0.6031548239247909 1.2530383453005165 0.35537046405047334
v -0.589540094393768 1.2085997934763624 0.31358405176646575
v -0.5273682294322845 1.4727200145540111 0.14643840263043523
v -0.5137534999012615 1.428281462729857 0.10465199034642764
vt 0.28125 0.8125
vt 0.21875 0.8125
vt 0.21875 0.65625
vt 0.28125 0.65625
vt 0.25 0.8125
vt 0.21875 0.8125
vt 0.21875 0.65625
vt 0.25 0.65625
vt 0.28125 0.8125
vt 0.21875 0.8125
vt 0.21875 0.65625
vt 0.28125 0.65625
vt 0.25 0.8125
vt 0.21875 0.8125
vt 0.21875 0.65625
vt 0.25 0.65625
vn -0.21783567249636737 0.7110168291864657 0.6685825965441218
vn 0.9453745685405306 -0.01650157447536022 0.32556815445715837
vn 0.21783567249636737 -0.7110168291864657 -0.6685825965441218
vn -0.9453745685405306 0.01650157447536022 -0.32556815445715837
usemtl elytra
f 684/1648/412 687/1647/412 685/1646/412 682/1645/412
f 683/1652/413 684/1651/413 682/1650/413 681/1649/413
f 688/1656/414 683/1655/414 681/1654/414 686/1653/414
f 687/1660/415 688/1659/415 686/1658/415 685/1657/415
o inactive_elytra_left_arm_left_wing_arm2
v -0.47607484403592043 0.666134018557677 0.34055627983371517
v -0.4964197545890648 0.6664891402923409 0.3996511908086724
v -0.46516709001261847 1.2910388280304212 0.340556279833715
v -0.4855120005657628 1.291393949765085 0.3996511908086723
v -0.6145915756566311 0.6685518371017608 0.3589551715015276
v -0.5942466651034868 0.6681967153670969 0.2998602605265704
v -0.6036838216333291 1.2934566465745052 0.3589551715015275
v -0.5833389110801848 1.2931015248398412 0.2998602605265702
vt 0.21875 1
vt 0.15625 1
vt 0.15625 0.6875
vt 0.21875 0.6875
vt 0.1875 1
vt 0.15625 1
vt 0.15625 0.6875
vt 0.1875 0.6875
vt 0.21875 1
vt 0.15625 1
vt 0.15625 0.6875
vt 0.21875 0.6875
vt 0.1875 1
vt 0.15625 1
vt 0.15625 0.6875
vt 0.1875 0.6875
vt 0.21875 1
vt 0.15625 1
vt 0.15625 0.96875
vt 0.21875 0.96875
vt 0.21875 1
vt 0.15625 1
vt 0.15625 0.96875
vt 0.21875 0.96875
vn -0.3255185688503097 0.005681947754622709 0.9455185755993163
vn 0.9453745685405305 -0.016501574475360214 0.32556815445715837
vn 0.3255185688503097 -0.005681947754622709 -0.9455185755993163
vn -0.9453745685405305 0.016501574475360214 -0.32556815445715837
vn -0.017452406437283158 -0.9998476951563913 1.6479873021779672e-16
vn 0.017452406437283158 0.9998476951563913 -1.6479873021779672e-16
usemtl elytra
f 692/1664/416 695/1663/416 693/1662/416 690/1661/416
f 691/1668/417 692/1667/417 690/1666/417 689/1665/417
f 696/1672/418 691/1671/418 689/1670/418 694/1669/418
f 695/1676/419 696/1675/419 694/1674/419 693/1673/419
f 694/1680/420 689/1679/420 690/1678/420 693/1677/420
f 695/1684/421 692/1683/421 691/1682/421 696/1681/421
o inactive_elytra_left_arm_left_wing_arm3
v -0.39763480467496626 0.48416938098124873 0.10356159736956494
v -0.41279212357346756 0.4402330471305498 0.14534800965357259
v -0.47932318186110395 0.7508006919261734 0.35428007107361037
v -0.49448050075960526 0.7068643580754745 0.396066483357618
v -0.5309639446410338 0.44229574393996984 0.10465199034642786
v -0.5158066257425326 0.4862320777906688 0.06286557806242021
v -0.6126523218271716 0.7089270548848945 0.35537046405047323
v -0.5974950029286703 0.7528633887355934 0.31358405176646553
vt 0.28125 0.65625
vt 0.21875 0.65625
vt 0.21875 0.46875
vt 0.28125 0.46875
vt 0.25000000000000006 0.65625
vt 0.21875 0.65625
vt 0.21875 0.46875
vt 0.25000000000000006 0.46875
vt 0.28125 0.65625
vt 0.21875 0.65625
vt 0.21875 0.46875
vt 0.28125 0.46875
vt 0.25000000000000006 0.65625
vt 0.21875 0.65625
vt 0.21875 0.46875
vt 0.25000000000000006 0.46875
vt 0.28125 0.65625
vt 0.21875 0.65625
vt 0.21875 0.625
vt 0.28125 0.625
vn -0.24251710237602087 -0.7029813416111824 0.6685825965441223
vn 0.9453745685405306 -0.016501574475360194 0.32556815445715837
vn 0.24251710237602087 0.7029813416111824 -0.6685825965441223
vn -0.9453745685405306 0.016501574475360194 -0.32556815445715837
vn 0.21783567249636726 -0.711016829186466 -0.6685825965441214
usemtl elytra
f 700/1688/422 703/1687/422 701/1686/422 698/1685/422
f 699/1692/423 700/1691/423 698/1690/423 697/1689/423
f 704/1696/424 699/1695/424 697/1694/424 702/1693/424
f 703/1700/425 704/1699/425 702/1698/425 701/1697/425
f 702/1704/426 697/1703/426 698/1702/426 701/1701/426
o inactive_elytra_left_arm_left_wing_energy_cover1
v -0.4395110461617207 1.3827846500431933 0.27070724650559524
v -0.4531257756927437 1.4272232018673474 0.31249365878960284
v -0.40919640836471816 1.470657317744591 0.18713442193758
v -0.4228111378957411 1.515095869568745 0.2289208342215876
v -0.57129759676031 1.4292858986767674 0.27179763948245805
v -0.5576828672292871 1.3848473468526132 0.23001122719845046
v -0.5409829589633074 1.5171585663781653 0.18822481491444282
v -0.5273682294322845 1.4727200145540111 0.14643840263043523
vt 0.0625 1
vt 0 1
vt 0 0.9375
vt 0.0625 0.9375
vt 0.03125 1
vt 0 1
vt 0 0.9375
vt 0.03125 0.9375
vt 0.0625 1
vt 0 1
vt 0 0.9375
vt 0.0625 0.9375
vt 0.03125 1
vt 0 1
vt 0 0.9375
vt 0.03125 0.9375
vt 0.0625 1
vt 0 1
vt 0 0.96875
vt 0.0625 0.96875
vn -0.21783567249636737 0.7110168291864657 0.6685825965441218
vn 0.9453745685405306 -0.01650157447536022 0.32556815445715837
vn 0.21783567249636737 -0.7110168291864657 -0.6685825965441218
vn -0.9453745685405306 0.01650157447536022 -0.32556815445715837
vn -0.24251710237602075 -0.7029813416111828 0.668582596544122
usemtl elytra
f 708/1708/427 711/1707/427 709/1706/427 706/1705/427
f 707/1712/428 708/1711/428 706/1710/428 705/1709/428
f 712/1716/429 707/1715/429 705/1714/429 710/1713/429
f 711/1720/430 712/1719/430 710/1718/430 709/1717/430
f 710/1724/431 705/1723/431 706/1722/431 709/1721/431
o inactive_elytra_left_arm_left_wing_energy_cover2
v -0.48769355137042325 1.1664129878705363 0.3996511908086723
v -0.5080384619235676 1.1667681096052003 0.45874610178362957
v -0.4855120005657628 1.291393949765085 0.3996511908086723
v -0.5058569111189072 1.291749071499749 0.4587461017836295
v -0.6262102829911339 1.1688308064146202 0.4180500824764848
v -0.6058653724379895 1.1684756846799562 0.3589551715015275
v -0.6240287321864735 1.293811768309169 0.41805008247648473
v -0.6036838216333291 1.2934566465745052 0.3589551715015275
vt 0.0625 1
vt 0 1
vt 0 0.9375
vt 0.0625 0.9375
vt 0.03125 1
vt 0 1
vt 0 0.9375
vt 0.03125 0.9375
vt 0.03125 1
vt 0 1
vt 0 0.9375
vt 0.03125 0.9375
vt 0.0625 1
vt 0 1
vt 0 0.96875
vt 0.0625 0.96875
vt 0.0625 1
vt 0 1
vt 0 0.96875
vt 0.0625 0.96875
vn -0.3255185688503097 0.005681947754622709 0.9455185755993163
vn 0.9453745685405305 -0.016501574475360214 0.32556815445715837
vn -0.9453745685405305 0.016501574475360214 -0.32556815445715837
vn -0.017452406437283158 -0.9998476951563913 1.6479873021779672e-16
vn 0.017452406437283158 0.9998476951563913 -1.6479873021779672e-16
usemtl elytra
f 716/1728/432 719/1727/432 717/1726/432 714/1725/432
f 715/1732/433 716/1731/433 714/1730/433 713/1729/433
f 719/1736/434 720/1735/434 718/1734/434 717/1733/434
f 718/1740/435 713/1739/435 714/1738/435 717/1737/435
f 719/1744/436 716/1743/436 715/1742/436 720/1741/436
o inactive_elytra_left_arm_left_wing_energy_cover3
v -0.4898751021750836 1.0414320259759875 0.39965119080867234
v -0.5102200127282279 1.0417871477106513 0.45874610178362957
v -0.4887843267727534 1.1039225069232619 0.3996511908086723
v -0.5091292373258978 1.1042776286579257 0.45874610178362957
v -0.6283918337957943 1.0438498445200712 0.4180500824764848
v -0.60804692324265 1.0434947227854074 0.35895517150152756
v -0.6273010583934641 1.1063403254673458 0.4180500824764848
v -0.6069561478403197 1.1059852037326818 0.35895517150152756
vt 0.0625 1
vt 0 1
vt 0 0.96875
vt 0.0625 0.96875
vt 0.03125 1
vt 0 1
vt 0 0.96875
vt 0.03125 0.96875
vt 0.03125 1
vt 0 1
vt 0 0.96875
vt 0.03125 0.96875
vt 0.0625 1
vt 0 1
vt 0 0.96875
vt 0.0625 0.96875
vt 0.0625 1
vt 0 1
vt 0 0.96875
vt 0.0625 0.96875
vn -0.3255185688503097 0.005681947754622709 0.9455185755993163
vn 0.9453745685405305 -0.016501574475360214 0.32556815445715837
vn -0.9453745685405305 0.016501574475360214 -0.32556815445715837
vn -0.017452406437283158 -0.9998476951563913 1.6479873021779672e-16
vn 0.017452406437283158 0.9998476951563913 -1.6479873021779672e-16
usemtl elytra
f 724/1748/437 727/1747/437 725/1746/437 722/1745/437
f 723/1752/438 724/1751/438 722/1750/438 721/1749/438
f 727/1756/439 728/1755/439 726/1754/439 725/1753/439
f 726/1760/440 721/1759/440 722/1758/440 725/1757/440
f 727/1764/441 724/1763/441 723/1762/441 728/1761/441
o inactive_elytra_left_arm_left_wing_energy_cover4
v -0.4931474283820742 0.8539605831341641 0.3996511908086724
v -0.5134923389352186 0.8543157048688279 0.4587461017836296
v -0.492056652979744 0.9164510640814385 0.39965119080867234
v -0.5124015635328883 0.9168061858161024 0.4587461017836296
v -0.6316641600027849 0.8563784016782481 0.41805008247648484
v -0.6113192494496406 0.8560232799435841 0.35895517150152756
v -0.6305733846004546 0.9188688826255225 0.41805008247648484
v -0.6102284740473103 0.9185137608908586 0.35895517150152756
vt 0.0625 1
vt 0 1
vt 0 0.96875
vt 0.0625 0.96875
vt 0.03125 1
vt 0 1
vt 0 0.96875
vt 0.03125 0.96875
vt 0.03125 1
vt 0 1
vt 0 0.96875
vt 0.03125 0.96875
vt 0.0625 1
vt 0 1
vt 0 0.96875
vt 0.0625 0.96875
vt 0.0625 1
vt 0 1
vt 0 0.96875
vt 0.0625 0.96875
vn -0.3255185688503097 0.005681947754622709 0.9455185755993163
vn 0.9453745685405305 -0.016501574475360214 0.32556815445715837
vn -0.9453745685405305 0.016501574475360214 -0.32556815445715837
vn -0.017452406437283158 -0.9998476951563913 1.6479873021779672e-16
vn 0.017452406437283158 0.9998476951563913 -1.6479873021779672e-16
usemtl elytra
f 732/1768/442 735/1767/442 733/1766/442 730/1765/442
f 731/1772/443 732/1771/443 730/1770/443 729/1769/443
f 735/1776/444 736/1775/444 734/1774/444 733/1773/444
f 734/1780/445 729/1779/445 730/1778/445 733/1777/445
f 735/1784/446 732/1783/446 731/1782/446 736/1781/446
o inactive_elytra_left_arm_left_wing_energy_cover5
v -0.4964197545890648 0.6664891402923409 0.3996511908086724
v -0.5167646651422091 0.6668442620270048 0.4587461017836297
v -0.4942382037844044 0.7914701021868896 0.3996511908086724
v -0.5145831143375488 0.7918252239215535 0.4587461017836296
v -0.6349364862097755 0.6689069588364247 0.4180500824764849
v -0.6145915756566311 0.6685518371017608 0.3589551715015276
v -0.6327549354051151 0.7938879207309736 0.41805008247648484
v -0.6124100248519707 0.7935327989963097 0.3589551715015276
vt 0.0625 1
vt 0 1
vt 0 0.9375
vt 0.0625 0.9375
vt 0.03125 1
vt 0 1
vt 0 0.9375
vt 0.03125 0.9375
vt 0.03125 1
vt 0 1
vt 0 0.9375
vt 0.03125 0.9375
vt 0.0625 1
vt 0 1
vt 0 0.96875
vt 0.0625 0.96875
vt 0.0625 1
vt 0 1
vt 0 0.96875
vt 0.0625 0.96875
vn -0.3255185688503097 0.005681947754622709 0.9455185755993163
vn 0.9453745685405305 -0.016501574475360214 0.32556815445715837
vn -0.9453745685405305 0.016501574475360214 -0.32556815445715837
vn -0.017452406437283158 -0.9998476951563913 1.6479873021779672e-16
vn 0.017452406437283158 0.9998476951563913 -1.6479873021779672e-16
usemtl elytra
f 740/1788/447 743/1787/447 741/1786/447 738/1785/447
f 739/1792/448 740/1791/448 738/1790/448 737/1789/448
f 743/1796/449 744/1795/449 742/1794/449 741/1793/449
f 742/1800/450 737/1799/450 738/1798/450 741/1797/450
f 743/1804/451 740/1803/451 739/1802/451 744/1801/451
o inactive_elytra_left_arm_left_wing_energy_cover6
v -0.4483711489221314 0.5071554400824084 0.15606721096879012
v -0.46352846782063273 0.4632191062317094 0.19785362325279784
v -0.4756006079841773 0.5960325437307166 0.23964003553680524
v -0.4907579268826786 0.5520962098800176 0.28142644782081294
v -0.5226143783544159 0.4642504546364194 0.1775056135992254
v -0.5074570594559146 0.5081867884871184 0.1357192013152177
v -0.5498438374164618 0.5531275582847277 0.26107843816724063
v -0.5346865185179605 0.5970638921354267 0.21929202588323288
vt 0.03125 1
vt 0 1
vt 0 0.9375
vt 0.03125 0.9375
vt 0.031250000000000056 1
vt 0 1
vt 0 0.9375
vt 0.031250000000000056 0.9375
vt 0.031250000000000056 1
vt 0 1
vt 0 0.9375
vt 0.031250000000000056 0.9375
vt 0.03125 1
vt 0 1
vt 0 0.96875
vt 0.03125 0.96875
vn -0.24251710237602087 -0.7029813416111824 0.6685825965441223
vn 0.9453745685405306 -0.016501574475360194 0.32556815445715837
vn -0.9453745685405306 0.016501574475360194 -0.32556815445715837
vn 0.21783567249636726 -0.711016829186466 -0.6685825965441214
usemtl elytra
f 748/1808/452 751/1807/452 749/1806/452 746/1805/452
f 747/1812/453 748/1811/453 746/1810/453 745/1809/453
f 751/1816/454 752/1815/454 750/1814/454 749/1813/454
f 750/1820/455 745/1819/455 746/1818/455 749/1817/455