# Made in Blockbench 5.2.1
mtllib mekasuit.mtl

o chest_body
v 0.25 1.46875 0.1246875
v 0.25 1.46875 -0.1253125
v 0.25 0.71875 0.1246875
v 0.25 0.71875 -0.1253125
v -0.25 1.46875 -0.1253125
v -0.25 1.46875 0.1246875
v -0.25 0.71875 -0.1253125
v -0.25 0.71875 0.1246875
vt 0.1601875 0.59375
vt 0.402375 0.59375
vt 0.402375 0.22262499999999996
vt 0.1601875 0.22262499999999996
vt 0.3125 1
vt 0.4375 1
vt 0.4375 0.625
vt 0.3125 0.625
vt 0.15625 0.59375
vt 0.40625 0.59375
vt 0.40625 0.21875
vt 0.15625 0.21875
vt 0.3125 1
vt 0.4375 1
vt 0.4375 0.625
vt 0.3125 0.625
vt 0.15625 0.1875
vt 0.40625 0.1875
vt 0.40625 0.0625
vt 0.15625 0.0625
vt 0.15625 0.34375
vt 0.40625 0.34375
vt 0.40625 0.234375
vt 0.15625 0.234375
vn 0 0 -1
vn 1 0 0
vn 0 0 1
vn -1 0 0
vn 0 1 0
vn 0 -1 0
usemtl player
f 4/4/1 7/3/1 5/2/1 2/1/1
f 3/8/2 4/7/2 2/6/2 1/5/2
f 8/12/3 3/11/3 1/10/3 6/9/3
f 7/16/4 8/15/4 6/14/4 5/13/4
f 6/20/5 1/19/5 2/18/5 5/17/5
f 7/24/6 4/23/6 3/22/6 8/21/6
o chest_left_arm
v -0.25 1.46875 0.125
v -0.25 1.46875 -0.125
v -0.25 0.71875 0.125
v -0.25 0.71875 -0.125
v -0.5 1.46875 -0.125
v -0.5 1.46875 0.125
v -0.5 0.71875 -0.125
v -0.5 0.71875 0.125
vt 0 1
vt 0.125 1
vt 0.125 0.625
vt 0 0.625
vt 0 1
vt 0.125 1
vt 0.125 0.625
vt 0 0.625
vt 0.125 1
vt 0 1
vt 0 0.625
vt 0.125 0.625
vt 0.125 1
vt 0 1
vt 0 0.625
vt 0.125 0.625
vt 0.15625 1
vt 0.28125 1
vt 0.28125 0.875
vt 0.15625 0.875
vt 0.15625 0.84375
vt 0.28125 0.84375
vt 0.28125 0.71875
vt 0.15625 0.71875
vn 0 0 -1
vn 1 0 0
vn 0 0 1
vn -1 0 0
vn 0 1 0
vn 0 -1 0
usemtl player
f 12/28/7 15/27/7 13/26/7 10/25/7
f 11/32/8 12/31/8 10/30/8 9/29/8
f 16/36/9 11/35/9 9/34/9 14/33/9
f 15/40/10 16/39/10 14/38/10 13/37/10
f 14/44/11 9/43/11 10/42/11 13/41/11
f 15/48/12 12/47/12 11/46/12 16/45/12
o leggings_right_leg
v 0.250625 0.71875 0.125625
v 0.250625 0.71875 -0.125625
v 0.250625 -0.03125 0.125625
v 0.250625 -0.03125 -0.125625
v -0.0006249999999999867 0.71875 -0.125625
v -0.0006249999999999867 0.71875 0.125625
v -0.0006249999999999867 -0.03125 -0.125625
v -0.0006249999999999867 -0.03125 0.125625
vt 0.125 0.59375
vt 0 0.59375
vt 0 0.21875
vt 0.125 0.21875
vt 0.125 0.59375
vt 0 0.59375
vt 0 0.21875
vt 0.125 0.21875
vt 0.125 0.59375
vt 0 0.59375
vt 0 0.21875
vt 0.125 0.21875
vt 0 0.59375
vt 0.125 0.59375
vt 0.125 0.21875
vt 0 0.21875
vt 0.15625 1
vt 0.28125 1
vt 0.28125 0.875
vt 0.15625 0.875
vt 0.28125 0.84375
vt 0.15625 0.84375
vt 0.15625 0.71875
vt 0.28125 0.71875
vn 0 0 -1
vn 1 0 0
vn 0 0 1
vn -1 0 0
vn 0 1 0
vn 0 -1 0
usemtl player
f 20/52/13 23/51/13 21/50/13 18/49/13
f 19/56/14 20/55/14 18/54/14 17/53/14
f 24/60/15 19/59/15 17/58/15 22/57/15
f 23/64/16 24/63/16 22/62/16 21/61/16
f 22/68/17 17/67/17 18/66/17 21/65/17
f 23/72/18 20/71/18 19/70/18 24/69/18
o leggings_left_leg
v 0.0006249999999999867 0.71875 0.125625
v 0.0006249999999999867 0.71875 -0.125625
v 0.0006249999999999867 -0.03125 0.125625
v 0.0006249999999999867 -0.03125 -0.125625
v -0.250625 0.71875 -0.125625
v -0.250625 0.71875 0.125625
v -0.250625 -0.03125 -0.125625
v -0.250625 -0.03125 0.125625
vt 0 0.59375
vt 0.125 0.59375
vt 0.125 0.21875
vt 0 0.21875
vt 0 0.59375
vt 0.125 0.59375
vt 0.125 0.21875
vt 0 0.21875
vt 0 0.59375
vt 0.125 0.59375
vt 0.125 0.21875
vt 0 0.21875
vt 0 0.59375
vt 0.125 0.59375
vt 0.125 0.21875
vt 0 0.21875
vt 0.15625 1
vt 0.28125 1
vt 0.28125 0.875
vt 0.15625 0.875
vt 0.15625 0.84375
vt 0.28125 0.84375
vt 0.28125 0.71875
vt 0.15625 0.71875
vn 0 0 -1
vn 1 0 0
vn 0 0 1
vn -1 0 0
vn 0 1 0
vn 0 -1 0
usemtl player
f 28/76/19 31/75/19 29/74/19 26/73/19
f 27/80/20 28/79/20 26/78/20 25/77/20
f 32/84/21 27/83/21 25/82/21 30/81/21
f 31/88/22 32/87/22 30/86/22 29/85/22
f 30/92/23 25/91/23 26/90/23 29/89/23
f 31/96/24 28/95/24 27/94/24 32/93/24
o chest_right_arm
v 0.5 1.46875 0.125
v 0.5 1.46875 -0.125
v 0.5 0.71875 0.125
v 0.5 0.71875 -0.125
v 0.25 1.46875 -0.125
v 0.25 1.46875 0.125
v 0.25 0.71875 -0.125
v 0.25 0.71875 0.125
vt 0.125 1
vt 0 1
vt 0 0.625
vt 0.125 0.625
vt 0 1
vt 0.125 1
vt 0.125 0.625
vt 0 0.625
vt 0 1
vt 0.125 1
vt 0.125 0.625
vt 0 0.625
vt 0 1
vt 0.125 1
vt 0.125 0.625
vt 0 0.625
vt 0.15625 1
vt 0.28125 1
vt 0.28125 0.875
vt 0.15625 0.875
vt 0.15625 0.84375
vt 0.28125 0.84375
vt 0.28125 0.71875
vt 0.15625 0.71875
vn 0 0 -1
vn 1 0 0
vn 0 0 1
vn -1 0 0
vn 0 1 0
vn 0 -1 0
usemtl player
f 36/100/25 39/99/25 37/98/25 34/97/25
f 35/104/26 36/103/26 34/102/26 33/101/26
f 40/108/27 35/107/27 33/106/27 38/105/27
f 39/112/28 40/111/28 38/110/28 37/109/28
f 38/116/29 33/115/29 34/114/29 37/113/29
f 39/120/30 36/119/30 35/118/30 40/117/30
o helmet_head_main
v 0.1875 1.84375 0.1875
v 0.1875 1.84375 -0.25
v 0.1875 1.53125 0.1875
v 0.1875 1.53125 -0.25
v -0.1875 1.84375 -0.25
v -0.1875 1.84375 0.1875
v -0.1875 1.53125 -0.25
v -0.1875 1.53125 0.1875
vt 0.59375 1
vt 0.78125 1
vt 0.78125 0.84375
vt 0.59375 0.84375
vt 0.375 1
vt 0.59375 1
vt 0.59375 0.84375
vt 0.375 0.84375
vt 0.59375 0.84375
vt 0.78125 0.84375
vt 0.78125 0.6875
vt 0.59375 0.6875
vt 0.78125 1
vt 1 1
vt 1 0.84375
vt 0.78125 0.84375
vt 0.78125 1
vt 1 1
vt 1 0.84375
vt 0.78125 0.84375
vt 0.59375 0.71875
vt 0.78125 0.71875
vt 0.78125 0.5
vt 0.59375 0.5
vn 0 0 -1
vn 1 0 0
vn 0 0 1
vn -1 0 0
vn 0 1 0
vn 0 -1 0
usemtl helmet
f 44/124/31 47/123/31 45/122/31 42/121/31
f 43/128/32 44/127/32 42/126/32 41/125/32
f 48/132/33 43/131/33 41/130/33 46/129/33
f 47/136/34 48/135/34 46/134/34 45/133/34
f 46/140/35 41/139/35 42/138/35 45/137/35
f 47/144/36 44/143/36 43/142/36 48/141/36
o helmet_head_top
v 0.1875 1.90625 0.1875
v 0.1875 1.90625 -0.25
v 0.1875 1.84375 0.1875
v 0.1875 1.84375 -0.25
v -0.1875 1.90625 -0.25
v -0.1875 1.90625 0.1875
v -0.1875 1.84375 -0.25
v -0.1875 1.84375 0.1875
vt 0.8125 0.84375
vt 1 0.84375
vt 1 0.78125
vt 0.8125 0.78125
vt 0.8125 0.84375
vt 1 0.84375
vt 1 0.78125
vt 0.8125 0.78125
vt 0.8125 0.84375
vt 1 0.84375
vt 1 0.78125
vt 0.8125 0.78125
vt 0.8125 0.84375
vt 1 0.84375
vt 1 0.78125
vt 0.8125 0.78125
vt 0.8125 0.84375
vt 1 0.84375
vt 1 0.78125
vt 0.8125 0.78125
vn 0 0 -1
vn 1 0 0
vn 0 0 1
vn -1 0 0
vn 0 1 0
usemtl helmet
f 52/148/37 55/147/37 53/146/37 50/145/37
f 51/152/38 52/151/38 50/150/38 49/149/38
f 56/156/39 51/155/39 49/154/39 54/153/39
f 55/160/40 56/159/40 54/158/40 53/157/40
f 54/164/41 49/163/41 50/162/41 53/161/41
o helmet_head_left_ear
v -0.1875 1.71875 0.125
v -0.1875 1.71875 -0.0625
v -0.1875 1.59375 0.125
v -0.1875 1.59375 -0.0625
v -0.25 1.71875 -0.0625
v -0.25 1.71875 0.125
v -0.25 1.59375 -0.0625
v -0.25 1.59375 0.125
vt 0.875 0.0625
vt 0.90625 0.0625
vt 0.90625 0
vt 0.875 0
vt 0.96875 0.1875
vt 1 0.1875
vt 1 0.125
vt 0.96875 0.125
vt 0.90625 0.21875
vt 1 0.21875
vt 1 0.15625
vt 0.90625 0.15625
vt 0.90625 0.21875
vt 0.9375 0.21875
vt 0.9375 0.125
vt 0.90625 0.125
vt 0.96875 0.21875
vt 1 0.21875
vt 1 0.125
vt 0.96875 0.125
vn 0 0 -1
vn 0 0 1
vn -1 0 0
vn 0 1 0
vn 0 -1 0
usemtl helmet
f 60/168/42 63/167/42 61/166/42 58/165/42
f 64/172/43 59/171/43 57/170/43 62/169/43
f 63/176/44 64/175/44 62/174/44 61/173/44
f 62/180/45 57/179/45 58/178/45 61/177/45
f 63/184/46 60/183/46 59/182/46 64/181/46
o helmet_head_left1
v -0.0625 1.84375 0.1875
v -0.0625 1.84375 -0.125
v -0.0625 1.78125 0.1875
v -0.0625 1.78125 -0.125
v -0.25 1.84375 -0.125
v -0.25 1.84375 0.1875
v -0.25 1.78125 -0.125
v -0.25 1.78125 0.1875
vt 0.8125 0.84375
vt 1 0.84375
vt 1 0.78125
vt 0.8125 0.78125
vt 0.8125 0.84375
vt 1 0.84375
vt 1 0.78125
vt 0.8125 0.78125
vt 0.8125 0.84375
vt 1 0.84375
vt 1 0.78125
vt 0.8125 0.78125
vt 0.8125 0.84375
vt 1 0.84375
vt 1 0.78125
vt 0.8125 0.78125
vt 0.8125 0.84375
vt 1 0.84375
vt 1 0.78125
vt 0.8125 0.78125
vn 0 0 -1
vn 0 0 1
vn -1 0 0
vn 0 1 0
vn 0 -1 0
usemtl helmet
f 68/188/47 71/187/47 69/186/47 66/185/47
f 72/192/48 67/191/48 65/190/48 70/189/48
f 71/196/49 72/195/49 70/194/49 69/193/49
f 70/200/50 65/199/50 66/198/50 69/197/50
f 71/204/51 68/203/51 67/202/51 72/201/51
o helmet_head_left2
v -0.1875 1.78125 0.1875
v -0.1875 1.78125 0.125
v -0.1875 1.65625 0.1875
v -0.1875 1.65625 0.125
v -0.25 1.78125 0.125
v -0.25 1.78125 0.1875
v -0.25 1.65625 0.125
v -0.25 1.65625 0.1875
vt 0.8125 0.84375
vt 1 0.84375
vt 1 0.78125
vt 0.8125 0.78125
vt 0.8125 0.84375
vt 1 0.84375
vt 1 0.78125
vt 0.8125 0.78125
vt 0.9375 0.1875
vt 0.96875 0.1875
vt 0.96875 0.125
vt 0.9375 0.125
vt 0.8125 0.84375
vt 1 0.84375
vt 1 0.78125
vt 0.8125 0.78125
vn 0 0 -1
vn 0 0 1
vn -1 0 0
vn 0 -1 0
usemtl helmet
f 76/208/52 79/207/52 77/206/52 74/205/52
f 80/212/53 75/211/53 73/210/53 78/209/53
f 79/216/54 80/215/54 78/214/54 77/213/54
f 79/220/55 76/219/55 75/218/55 80/217/55
o helmet_head_rail2
v 0.125 1.9375 0.21875
v 0.125 1.9375 -0.21875
v 0.125 1.8125 0.21875
v 0.125 1.8125 -0.21875
v 0.0625 1.9375 -0.21875
v 0.0625 1.9375 0.21875
v 0.0625 1.8125 -0.21875
v 0.0625 1.8125 0.21875
vt 0.59375 0.5
vt 0.78125 0.5
vt 0.78125 0.4375
vt 0.59375 0.4375
vt 0.59375 0.5
vt 0.78125 0.5
vt 0.78125 0.4375
vt 0.59375 0.4375
vt 0.59375 0.5
vt 0.78125 0.5
vt 0.78125 0.4375
vt 0.59375 0.4375
vt 0.59375 0.5
vt 0.78125 0.5
vt 0.78125 0.4375
vt 0.59375 0.4375
vt 0.59375 0.5
vt 0.78125 0.5
vt 0.78125 0.4375
vt 0.59375 0.4375
vn 0 0 -1
vn 1 0 0
vn 0 0 1
vn -1 0 0
vn 0 1 0
usemtl helmet
f 84/224/56 87/223/56 85/222/56 82/221/56
f 83/228/57 84/227/57 82/226/57 81/225/57
f 88/232/58 83/231/58 81/230/58 86/229/58
f 87/236/59 88/235/59 86/234/59 85/233/59
f 86/240/60 81/239/60 82/238/60 85/237/60
o helmet_head_rail1
v -0.0625 1.9375 0.21875
v -0.0625 1.9375 -0.21875
v -0.0625 1.8125 0.21875
v -0.0625 1.8125 -0.21875
v -0.125 1.9375 -0.21875
v -0.125 1.9375 0.21875
v -0.125 1.8125 -0.21875
v -0.125 1.8125 0.21875
vt 0.59375 0.5
vt 0.78125 0.5
vt 0.78125 0.4375
vt 0.59375 0.4375
vt 0.59375 0.5
vt 0.78125 0.5
vt 0.78125 0.4375
vt 0.59375 0.4375
vt 0.59375 0.5
vt 0.78125 0.5
vt 0.78125 0.4375
vt 0.59375 0.4375
vt 0.59375 0.5
vt 0.78125 0.5
vt 0.78125 0.4375
vt 0.59375 0.4375
vt 0.59375 0.5
vt 0.78125 0.5
vt 0.78125 0.4375
vt 0.59375 0.4375
vn 0 0 -1
vn 1 0 0
vn 0 0 1
vn -1 0 0
vn 0 1 0
usemtl helmet
f 92/244/61 95/243/61 93/242/61 90/241/61
f 91/248/62 92/247/62 90/246/62 89/245/62
f 96/252/63 91/251/63 89/250/63 94/249/63
f 95/256/64 96/255/64 94/254/64 93/253/64
f 94/260/65 89/259/65 90/258/65 93/257/65
o helmet_head_center2
v 0.0625 1.96875 0.125
v 0.0625 1.96875 -0.1875
v 0.0625 1.90625 0.125
v 0.0625 1.90625 -0.1875
v -0.0625 1.96875 -0.1875
v -0.0625 1.96875 0.125
v -0.0625 1.90625 -0.1875
v -0.0625 1.90625 0.125
vt 0 0.5625
vt 0.1875 0.5625
vt 0.1875 0.5
vt 0 0.5
vt 0 0.5625
vt 0.1875 0.5625
vt 0.1875 0.5
vt 0 0.5
vt 0 0.5625
vt 0.1875 0.5625
vt 0.1875 0.5
vt 0 0.5
vt 0 0.5625
vt 0.1875 0.5625
vt 0.1875 0.5
vt 0 0.5
vt 0 0.5625
vt 0.1875 0.5625
vt 0.1875 0.5
vt 0 0.5
vn 1 0 0
vn 0 0 1
vn -1 0 0
vn 0 1 0
vn 0 -1 0
usemtl helmet
f 99/264/66 100/263/66 98/262/66 97/261/66
f 104/268/67 99/267/67 97/266/67 102/265/67
f 103/272/68 104/271/68 102/270/68 101/269/68
f 102/276/69 97/275/69 98/274/69 101/273/69
f 103/280/70 100/279/70 99/278/70 104/277/70
o helmet_head_center1
v 0.0625 1.96875 -0.1875
v 0.0625 1.9159227172824125 -0.30078847337958126
v 0.0625 1.9121057633102092 -0.16108635864120627
v 0.0625 1.859278480592622 -0.2743748320207875
v -0.0625 1.9159227172824125 -0.30078847337958126
v -0.0625 1.96875 -0.1875
v -0.0625 1.859278480592622 -0.2743748320207875
v -0.0625 1.9121057633102092 -0.16108635864120627
vt 0 0.5625
vt 0.0625 0.5625
vt 0.0625 0.5
vt 0 0.5
vt 0 0.5625
vt 0.0625 0.5625
vt 0.0625 0.5
vt 0 0.5
vt 0 0.5625
vt 0.0625 0.5625
vt 0.0625 0.5
vt 0 0.5
vt 0 0.5625
vt 0.0625 0.5625
vt 0.0625 0.5
vt 0 0.5
vt 0 0.5625
vt 0.0625 0.5625
vt 0.0625 0.5
vt 0 0.5
vn 0 -0.42261826174069944 -0.9063077870366499
vn 1 0 0
vn -1 0 0
vn 0 0.9063077870366499 -0.42261826174069944
vn 0 -0.9063077870366499 0.42261826174069944
usemtl helmet
f 108/284/71 111/283/71 109/282/71 106/281/71
f 107/288/72 108/287/72 106/286/72 105/285/72
f 111/292/73 112/291/73 110/290/73 109/289/73
f 110/296/74 105/295/74 106/294/74 109/293/74
f 111/300/75 108/299/75 107/298/75 112/297/75
o helmet_head_center3
v 0.0625 1.8970529454561191 0.227394005536124
v 0.0625 1.96875 0.125
v 0.0625 1.8458559426880572 0.19154547826418356
v 0.0625 1.9175529972319378 0.0891514727280596
v -0.0625 1.96875 0.125
v -0.0625 1.8970529454561191 0.227394005536124
v -0.0625 1.9175529972319378 0.0891514727280596
v -0.0625 1.8458559426880572 0.19154547826418356
vt 0 0.5625
vt 0.0625 0.5625
vt 0.0625 0.5
vt 0 0.5
vt 0 0.5625
vt 0.0625 0.5625
vt 0.0625 0.5
vt 0 0.5
vt 0 0.5625
vt 0.0625 0.5625
vt 0.0625 0.5
vt 0 0.5
vn 1 0 0
vn -1 0 0
vn 0 0.8191520442889918 0.573576436351046
usemtl helmet
f 115/304/76 116/303/76 114/302/76 113/301/76
f 119/308/77 120/307/77 118/306/77 117/305/77
f 118/312/78 113/311/78 114/310/78 117/309/78
o helmet_head_center4
v 0.0625 1.90625 0.25
v 0.0625 1.90625 0.1875
v 0.0625 1.84375 0.25
v 0.0625 1.84375 0.1875
v -0.0625 1.90625 0.1875
v -0.0625 1.90625 0.25
v -0.0625 1.84375 0.1875
v -0.0625 1.84375 0.25
vt 0.8125 0.84375
vt 1 0.84375
vt 1 0.78125
vt 0.8125 0.78125
vt 0.8125 0.84375
vt 1 0.84375
vt 1 0.78125
vt 0.8125 0.78125
vt 0.8125 0.84375
vt 1 0.84375
vt 1 0.78125
vt 0.8125 0.78125
vt 0.8125 0.84375
vt 1 0.84375
vt 1 0.78125
vt 0.8125 0.78125
vn 1 0 0
vn 0 0 1
vn -1 0 0
vn 0 1 0
usemtl helmet
f 123/316/79 124/315/79 122/314/79 121/313/79
f 128/320/80 123/319/80 121/318/80 126/317/80
f 127/324/81 128/323/81 126/322/81 125/321/81
f 126/328/82 121/327/82 122/326/82 125/325/82
o helmet_head_chin1
v 0.21875 1.53125 -0.0625
v 0.21875 1.53125 -0.3125
v 0.21875 1.46875 -0.0625
v 0.21875 1.46875 -0.3125
v -0.21875 1.53125 -0.3125
v -0.21875 1.53125 -0.0625
v -0.21875 1.46875 -0.3125
v -0.21875 1.46875 -0.0625
vt 0 0.25
vt 0.21875 0.25
vt 0.21875 0.21875
vt 0 0.21875
vt 0 0.25
vt 0.21875 0.25
vt 0.21875 0.21875
vt 0 0.21875
vt 0 0.25
vt 0.21875 0.25
vt 0.21875 0.21875
vt 0 0.21875
vt 0 0.46875
vt 0.21875 0.46875
vt 0.21875 0.34375
vt 0 0.34375
vt 0 0.34375
vt 0.21875 0.34375
vt 0.21875 0.21875
vt 0 0.21875
vn 0 0 -1
vn 1 0 0
vn -1 0 0
vn 0 1 0
vn 0 -1 0
usemtl helmet
f 132/332/83 135/331/83 133/330/83 130/329/83
f 131/336/84 132/335/84 130/334/84 129/333/84
f 135/340/85 136/339/85 134/338/85 133/337/85
f 134/344/86 129/343/86 130/342/86 133/341/86
f 135/348/87 132/347/87 131/346/87 136/345/87
o helmet_head_ventilator
v 0.0625 1.578125 -0.28125
v 0.0625 1.578125 -0.34375
v 0.0625 1.453125 -0.28125
v 0.0625 1.453125 -0.34375
v -0.0625 1.578125 -0.34375
v -0.0625 1.578125 -0.28125
v -0.0625 1.453125 -0.34375
v -0.0625 1.453125 -0.28125
vt 0 0.1875
vt 0.0625 0.1875
vt 0.0625 0.125
vt 0 0.125
vt 0 0.1875
vt 0.03125 0.1875
vt 0.03125 0.125
vt 0 0.125
vt 0 0.1875
vt 0.0625 0.1875
vt 0.0625 0.125
vt 0 0.125
vt 0.03125 0.1875
vt 0.0625 0.1875
vt 0.0625 0.125
vt 0.03125 0.125
vt 0 0.1875
vt 0.0625 0.1875
vt 0.0625 0.15625
vt 0 0.15625
vt 0 0.15625
vt 0.0625 0.15625
vt 0.0625 0.125
vt 0 0.125
vn 0 0 -1
vn 1 0 0
vn 0 0 1
vn -1 0 0
vn 0 1 0
vn 0 -1 0
usemtl helmet
f 140/352/88 143/351/88 141/350/88 138/349/88
f 139/356/89 140/355/89 138/354/89 137/353/89
f 144/360/90 139/359/90 137/358/90 142/357/90
f 143/364/91 144/363/91 142/362/91 141/361/91
f 142/368/92 137/367/92 138/366/92 141/365/92
f 143/372/93 140/371/93 139/370/93 144/369/93
o helmet_head_chin2
v 0.21875 1.6455266952966368 0.025888347648318488
v 0.21875 1.5129441738241591 -0.10669417382415919
v 0.21875 1.6013325214724776 0.07008252147247768
v 0.21875 1.46875 -0.0625
v -0.21875 1.5129441738241591 -0.10669417382415919
v -0.21875 1.6455266952966368 0.025888347648318488
v -0.21875 1.46875 -0.0625
v -0.21875 1.6013325214724776 0.07008252147247768
vt 0 0.25
vt 0.21875 0.25
vt 0.21875 0.21875
vt 0 0.21875
vt 0 0.25
vt 0.21875 0.25
vt 0.21875 0.21875
vt 0 0.21875
vt 0 0.34375
vt 0.21875 0.34375
vt 0.21875 0.21875
vt 0 0.21875
vt 0 0.46875
vt 0.21875 0.46875
vt 0.21875 0.34375
vt 0 0.34375
vn 1 0 0
vn -1 0 0
vn 0 0.7071067811865475 -0.7071067811865476
vn 0 -0.7071067811865475 0.7071067811865476
usemtl helmet
f 147/376/94 148/375/94 146/374/94 145/373/94
f 151/380/95 152/379/95 150/378/95 149/377/95
f 150/384/96 145/383/96 146/382/96 149/381/96
f 151/388/97 148/387/97 147/386/97 152/385/97
o helmet_head_visor_lower
v 0.1871875 1.7611724215967772 -0.1982377712616271
v 0.1871875 1.739466399388411 -0.3213387403881531
v 0.1871875 1.5149704833437252 -0.15482572684489448
v 0.1871875 1.493264461135359 -0.2779266959714205
v -0.1871875 1.739466399388411 -0.3213387403881531
v -0.1871875 1.7611724215967772 -0.1982377712616271
v -0.1871875 1.493264461135359 -0.2779266959714205
v -0.1871875 1.5149704833437252 -0.15482572684489448
vt 0.59375 0.96875
vt 0.78125 0.96875
vt 0.78125 0.84375
vt 0.59375 0.84375
vt 0.5625 0.96875
vt 0.59375 0.96875
vt 0.59375 0.84375
vt 0.5625 0.84375
vt 0.78125 0.96875
vt 0.8125 0.96875
vt 0.8125 0.84375
vt 0.78125 0.84375
vt 0.5625 0.96875
vt 0.78125 0.96875
vt 0.78125 0.9375
vt 0.5625 0.9375
vn 0 -0.17364817766693033 -0.984807753012208
vn 1 0 0
vn -1 0 0
vn 0 0.984807753012208 -0.17364817766693033
usemtl helmet
f 156/392/98 159/391/98 157/390/98 154/389/98
f 155/396/99 156/395/99 154/394/99 153/393/99
f 159/400/100 160/399/100 158/398/100 157/397/100
f 158/404/101 153/403/101 154/402/101 157/401/101
o helmet_head_visor_upper
v 0.18593749999999998 1.8263412314091987 -0.211867220980775
v 0.18593749999999998 1.8527548727679923 -0.2685114576705656
v 0.18593749999999998 1.7130527580296173 -0.26469450369836245
v 0.18593749999999998 1.739466399388411 -0.321338740388153
v -0.1871875 1.8527548727679923 -0.2685114576705656
v -0.1871875 1.8263412314091987 -0.211867220980775
v -0.1871875 1.739466399388411 -0.321338740388153
v -0.1871875 1.7130527580296173 -0.26469450369836245
vt 0.59375 0.90625
vt 0.78125 0.90625
vt 0.78125 0.84375
vt 0.59375 0.84375
vt 0.59375 0.90625
vt 0.625 0.90625
vt 0.625 0.84375
vt 0.59375 0.84375
vt 0.78125 1
vt 0.8125 1
vt 0.8125 0.9375
vt 0.78125 0.9375
vt 0.5625 0.96875
vt 0.78125 0.96875
vt 0.78125 0.9375
vt 0.5625 0.9375
vn 0 0.42261826174069944 -0.9063077870366499
vn 1 0 0
vn -1 0 0
vn 0 0.9063077870366499 0.42261826174069944
usemtl helmet
f 164/408/102 167/407/102 165/406/102 162/405/102
f 163/412/103 164/411/103 162/410/103 161/409/103
f 167/416/104 168/415/104 166/414/104 165/413/104
f 166/420/105 161/419/105 162/418/105 165/417/105
o helmet_head_led1
v -0.1878125 1.78125 0.06218750000000001
v -0.1878125 1.78125 -0.00031249999999999334
v -0.1878125 1.71875 0.06218750000000001
v -0.1878125 1.71875 -0.00031249999999999334
v -0.2503125 1.78125 -0.00031249999999999334
v -0.2503125 1.78125 0.06218750000000001
v -0.2503125 1.71875 -0.00031249999999999334
v -0.2503125 1.71875 0.06218750000000001
vt 0 0.9375
vt 0.0625 0.9375
vt 0.0625 1
vt 0 1
vt 0 0.9375
vt 0.0625 0.9375
vt 0.0625 1
vt 0 1
vt 0 0.9375
vt 0.0625 0.9375
vt 0.0625 1
vt 0 1
vn 0 0 -1
vn 0 0 1
vn -1 0 0
usemtl helmet_led
f 172/424/106 175/423/106 173/422/106 170/421/106
f 176/428/107 171/427/107 169/426/107 174/425/107
f 175/432/108 176/431/108 174/430/108 173/429/108
o helmet_head_visor_left
v -0.0625 1.90625 -0.25
v -0.0625 1.90625 -0.3125
v -0.0625 1.84375 -0.25
v -0.0625 1.84375 -0.3125
v -0.1875 1.90625 -0.3125
v -0.1875 1.90625 -0.25
v -0.1875 1.84375 -0.3125
v -0.1875 1.84375 -0.25
vt 0.8125 0.84375
vt 1 0.84375
vt 1 0.78125
vt 0.8125 0.78125
vt 0.8125 0.84375
vt 1 0.84375
vt 1 0.78125
vt 0.8125 0.78125
vt 0.8125 0.84375
vt 1 0.84375
vt 1 0.78125
vt 0.8125 0.78125
vt 0.8125 0.84375
vt 1 0.84375
vt 1 0.78125
vt 0.8125 0.78125
vt 0.8125 0.84375
vt 1 0.84375
vt 1 0.78125
vt 0.8125 0.78125
vn 0 0 -1
vn 1 0 0
vn -1 0 0
vn 0 1 0
vn 0 -1 0
usemtl helmet
f 180/436/109 183/435/109 181/434/109 178/433/109
f 179/440/110 180/439/110 178/438/110 177/437/110
f 183/444/111 184/443/111 182/442/111 181/441/111
f 182/448/112 177/447/112 178/446/112 181/445/112
f 183/452/113 180/451/113 179/450/113 184/449/113
o helmet_head_visor_right
v 0.1875 1.90625 -0.25
v 0.1875 1.90625 -0.3125
v 0.1875 1.84375 -0.25
v 0.1875 1.84375 -0.3125
v 0.0625 1.90625 -0.3125
v 0.0625 1.90625 -0.25
v 0.0625 1.84375 -0.3125
v 0.0625 1.84375 -0.25
vt 0.8125 0.84375
vt 1 0.84375
vt 1 0.78125
vt 0.8125 0.78125
vt 0.8125 0.84375
vt 1 0.84375
vt 1 0.78125
vt 0.8125 0.78125
vt 0.8125 0.84375
vt 1 0.84375
vt 1 0.78125
vt 0.8125 0.78125
vt 0.8125 0.84375
vt 1 0.84375
vt 1 0.78125
vt 0.8125 0.78125
vt 0.8125 0.84375
vt 1 0.84375
vt 1 0.78125
vt 0.8125 0.78125
vn 0 0 -1
vn 1 0 0
vn -1 0 0
vn 0 1 0
vn 0 -1 0
usemtl helmet
f 188/456/114 191/455/114 189/454/114 186/453/114
f 187/460/115 188/459/115 186/458/115 185/457/115
f 191/464/116 192/463/116 190/462/116 189/461/116
f 190/468/117 185/467/117 186/466/117 189/465/117
f 191/472/118 188/471/118 187/470/118 192/469/118
o helmet_head_right2
v 0.25 1.78125 0.1875
v 0.25 1.78125 0.125
v 0.25 1.65625 0.1875
v 0.25 1.65625 0.125
v 0.1875 1.78125 0.125
v 0.1875 1.78125 0.1875
v 0.1875 1.65625 0.125
v 0.1875 1.65625 0.1875
vt 0.8125 0.84375
vt 1 0.84375
vt 1 0.78125
vt 0.8125 0.78125
vt 0.9375 0.1875
vt 0.96875 0.1875
vt 0.96875 0.125
vt 0.9375 0.125
vt 0.8125 0.84375
vt 1 0.84375
vt 1 0.78125
vt 0.8125 0.78125
vt 0.8125 0.84375
vt 1 0.84375
vt 1 0.78125
vt 0.8125 0.78125
vn 0 0 -1
vn 1 0 0
vn 0 0 1
vn 0 -1 0
usemtl helmet
f 196/476/119 199/475/119 197/474/119 194/473/119
f 195/480/120 196/479/120 194/478/120 193/477/120
f 200/484/121 195/483/121 193/482/121 198/481/121
f 199/488/122 196/487/122 195/486/122 200/485/122
o helmet_head_right1
v 0.25 1.84375 0.1875
v 0.25 1.84375 -0.125
v 0.25 1.78125 0.1875
v 0.25 1.78125 -0.125
v 0.0625 1.84375 -0.125
v 0.0625 1.84375 0.1875
v 0.0625 1.78125 -0.125
v 0.0625 1.78125 0.1875
vt 0.8125 0.84375
vt 1 0.84375
vt 1 0.78125
vt 0.8125 0.78125
vt 0.8125 0.84375
vt 1 0.84375
vt 1 0.78125
vt 0.8125 0.78125
vt 0.8125 0.84375
vt 1 0.84375
vt 1 0.78125
vt 0.8125 0.78125
vt 0.8125 0.84375
vt 1 0.84375
vt 1 0.78125
vt 0.8125 0.78125
vt 0.8125 0.84375
vt 1 0.84375
vt 1 0.78125
vt 0.8125 0.78125
vn 0 0 -1
vn 1 0 0
vn 0 0 1
vn 0 1 0
vn 0 -1 0
usemtl helmet
f 204/492/123 207/491/123 205/490/123 202/489/123
f 203/496/124 204/495/124 202/494/124 201/493/124
f 208/500/125 203/499/125 201/498/125 206/497/125
f 206/504/126 201/503/126 202/502/126 205/501/126
f 207/508/127 204/507/127 203/506/127 208/505/127
o helmet_head_right_ear
v 0.25 1.71875 0.125
v 0.25 1.71875 -0.0625
v 0.25 1.59375 0.125
v 0.25 1.59375 -0.0625
v 0.1875 1.71875 -0.0625
v 0.1875 1.71875 0.125
v 0.1875 1.59375 -0.0625
v 0.1875 1.59375 0.125
vt 0.875 0.0625
vt 0.90625 0.0625
vt 0.90625 0
vt 0.875 0
vt 0.90625 0.1875
vt 1 0.1875
vt 1 0.125
vt 0.90625 0.125
vt 0.96875 0.1875
vt 1 0.1875
vt 1 0.125
vt 0.96875 0.125
vt 0.90625 0.21875
vt 0.9375 0.21875
vt 0.9375 0.125
vt 0.90625 0.125
vt 0.96875 0.21875
vt 1 0.21875
vt 1 0.125
vt 0.96875 0.125
vn 0 0 -1
vn 1 0 0
vn 0 0 1
vn 0 1 0
vn 0 -1 0
usemtl helmet
f 212/512/128 215/511/128 213/510/128 210/509/128
f 211/516/129 212/515/129 210/514/129 209/513/129
f 216/520/130 211/519/130 209/518/130 214/517/130
f 214/524/131 209/523/131 210/522/131 213/521/131
f 215/528/132 212/527/132 211/526/132 216/525/132
o helmet_head_led2
v 0.2496875 1.78125 0.06218750000000001
v 0.2496875 1.78125 -0.00031249999999999334
v 0.2496875 1.71875 0.06218750000000001
v 0.2496875 1.71875 -0.00031249999999999334
v 0.1871875 1.78125 -0.00031249999999999334
v 0.1871875 1.78125 0.06218750000000001
v 0.1871875 1.71875 -0.00031249999999999334
v 0.1871875 1.71875 0.06218750000000001
vt 0 0.9375
vt 0.0625 0.9375
vt 0.0625 1
vt 0 1
vt 0 0.9375
vt 0.0625 0.9375
vt 0.0625 1
vt 0 1
vt 0 0.9375
vt 0.0625 0.9375
vt 0.0625 1
vt 0 1
vn 0 0 -1
vn 1 0 0
vn 0 0 1
usemtl helmet_led
f 220/532/133 223/531/133 221/530/133 218/529/133
f 219/536/134 220/535/134 218/534/134 217/533/134
f 224/540/135 219/539/135 217/538/135 222/537/135
o helmet_head_back
v 0.1875 1.84375 0.25
v 0.1875 1.84375 0.1875
v 0.1875 1.65625 0.25
v 0.1875 1.65625 0.1875
v -0.1875 1.84375 0.1875
v -0.1875 1.84375 0.25
v -0.1875 1.65625 0.1875
v -0.1875 1.65625 0.25
vt 0.8125 0.84375
vt 1 0.84375
vt 1 0.6875
vt 0.8125 0.6875
vt 0.21875 0.34375
vt 0.40625 0.34375
vt 0.40625 0.25
vt 0.21875 0.25
vt 0.8125 0.84375
vt 1 0.84375
vt 1 0.6875
vt 0.8125 0.6875
vt 0.8125 0.84375
vt 1 0.84375
vt 1 0.6875
vt 0.8125 0.6875
vt 0.8125 0.84375
vt 1 0.84375
vt 1 0.6875
vt 0.8125 0.6875
vn 1 0 0
vn 0 0 1
vn -1 0 0
vn 0 1 0
vn 0 -1 0
usemtl helmet
f 227/544/136 228/543/136 226/542/136 225/541/136
f 232/548/137 227/547/137 225/546/137 230/545/137
f 231/552/138 232/551/138 230/550/138 229/549/138
f 230/556/139 225/555/139 226/554/139 229/553/139
f 231/560/140 228/559/140 227/558/140 232/557/140
o helmet_head_rail3
v 0.125 1.65625 0.21875
v 0.125 1.65625 0.15625
v 0.125 1.59375 0.21875
v 0.125 1.59375 0.15625
v 0.0625 1.65625 0.15625
v 0.0625 1.65625 0.21875
v 0.0625 1.59375 0.15625
v 0.0625 1.59375 0.21875
vt 0.59375 0.5
vt 0.78125 0.5
vt 0.78125 0.4375
vt 0.59375 0.4375
vt 0.59375 0.5
vt 0.78125 0.5
vt 0.78125 0.4375
vt 0.59375 0.4375
vt 0.59375 0.5
vt 0.78125 0.5
vt 0.78125 0.4375
vt 0.59375 0.4375
vt 0.59375 0.5
vt 0.78125 0.5
vt 0.78125 0.4375
vt 0.59375 0.4375
vn 1 0 0
vn 0 0 1
vn -1 0 0
vn 0 -1 0
usemtl helmet
f 235/564/141 236/563/141 234/562/141 233/561/141
f 240/568/142 235/567/142 233/566/142 238/565/142
f 239/572/143 240/571/143 238/570/143 237/569/143
f 239/576/144 236/575/144 235/574/144 240/573/144
o helmet_head_rail4
v -0.0625 1.65625 0.21875
v -0.0625 1.65625 0.15625
v -0.0625 1.59375 0.21875
v -0.0625 1.59375 0.15625
v -0.125 1.65625 0.15625
v -0.125 1.65625 0.21875
v -0.125 1.59375 0.15625
v -0.125 1.59375 0.21875
vt 0.59375 0.5
vt 0.78125 0.5
vt 0.78125 0.4375
vt 0.59375 0.4375
vt 0.59375 0.5
vt 0.78125 0.5
vt 0.78125 0.4375
vt 0.59375 0.4375
vt 0.59375 0.5
vt 0.78125 0.5
vt 0.78125 0.4375
vt 0.59375 0.4375
vt 0.59375 0.5
vt 0.78125 0.5
vt 0.78125 0.4375
vt 0.59375 0.4375
vn 1 0 0
vn 0 0 1
vn -1 0 0
vn 0 -1 0
usemtl helmet
f 243/580/145 244/579/145 242/578/145 241/577/145
f 248/584/146 243/583/146 241/582/146 246/581/146
f 247/588/147 248/587/147 246/586/147 245/585/147
f 247/592/148 244/591/148 243/590/148 248/589/148
o chest_body_lower_plate2
v 0.15625 0.999050484563263 -0.11414698889581686
v 0.15625 1.0099034956674462 -0.17569747345907985
v 0.15625 0.814399030873474 -0.1467060222083663
v 0.15625 0.8252520419776571 -0.2082565067716293
v -0.15625 1.0099034956674462 -0.17569747345907985
v -0.15625 0.999050484563263 -0.11414698889581686
v -0.15625 0.8252520419776571 -0.2082565067716293
v -0.15625 0.814399030873474 -0.1467060222083663
vt 0.84375 0.09375
vt 1 0.09375
vt 1 0
vt 0.84375 0
vt 0.96875 0.09375
vt 1 0.09375
vt 1 0
vt 0.96875 0
vt 0.84375 0.09375
vt 1 0.09375
vt 1 0
vt 0.84375 0
vt 0.84375 0.09375
vt 0.875 0.09375
vt 0.875 0
vt 0.84375 0
vt 0.84375 0.03125
vt 1 0.03125
vt 1 0
vt 0.84375 0
vn 0 0.17364817766693033 -0.984807753012208
vn 1 0 0
vn 0 -0.17364817766693033 0.984807753012208
vn -1 0 0
vn 0 -0.984807753012208 -0.17364817766693033
usemtl body
f 252/596/149 255/595/149 253/594/149 250/593/149
f 251/600/150 252/599/150 250/598/150 249/597/150
f 256/604/151 251/603/151 249/602/151 254/601/151
f 255/608/152 256/607/152 254/606/152 253/605/152
f 255/612/153 252/611/153 251/610/153 256/609/153
o chest_body_satchel1
v 0.0625 1.0704330195133271 -0.16205398097562748
v 0.0625 1.0649857855915985 -0.2243161496063616
v 0.0625 0.8836465136211248 -0.14571227921044158
v 0.0625 0.8781992796993962 -0.2079744478411757
v -0.0625 1.0649857855915985 -0.2243161496063616
v -0.0625 1.0704330195133271 -0.16205398097562748
v -0.0625 0.8781992796993962 -0.2079744478411757
v -0.0625 0.8836465136211248 -0.14571227921044158
vt 0.3125 0.25
vt 0.375 0.25
vt 0.375 0.15625
vt 0.3125 0.15625
vt 0.3125 0.25
vt 0.34375 0.25
vt 0.34375 0.15625
vt 0.3125 0.15625
vt 0.34375 0.25
vt 0.375 0.25
vt 0.375 0.15625
vt 0.34375 0.15625
vt 0.3125 0.28125
vt 0.375 0.28125
vt 0.375 0.25
vt 0.3125 0.25
vt 0.3125 0.15625
vt 0.375 0.15625
vt 0.375 0.125
vt 0.3125 0.125
vn 0 -0.08715574274765818 -0.9961946980917455
vn 1 0 0
vn -1 0 0
vn 0 0.9961946980917455 -0.08715574274765818
vn 0 -0.9961946980917455 0.08715574274765818
usemtl body
f 260/616/154 263/615/154 261/614/154 258/613/154
f 259/620/155 260/619/155 258/618/155 257/617/155
f 263/624/156 264/623/156 262/622/156 261/621/156
f 262/628/157 257/627/157 258/626/157 261/625/157
f 263/632/158 260/631/158 259/630/158 264/629/158
o chest_body_lower_plate1
v 0.0625 0.8325775784032228 -0.11426222873837291
v 0.0625 0.8217245672990395 -0.17581271330163592
v 0.0625 0.7094766092766966 -0.09255620653000662
v 0.0625 0.6986235981725135 -0.15410669109326963
v -0.0625 0.8217245672990395 -0.17581271330163592
v -0.0625 0.8325775784032228 -0.11426222873837291
v -0.0625 0.6986235981725135 -0.15410669109326963
v -0.0625 0.7094766092766966 -0.09255620653000662
vt 0.5 0.09375
vt 0.5625 0.09375
vt 0.5625 0
vt 0.5 0
vt 0.5 0.09375
vt 0.5625 0.09375
vt 0.5625 0
vt 0.5 0
vt 0.5 0.09375
vt 0.5625 0.09375
vt 0.5625 0
vt 0.5 0
vt 0.5 0.09375
vt 0.5625 0.09375
vt 0.5625 0
vt 0.5 0
vt 0.5 0.09375
vt 0.5625 0.09375
vt 0.5625 0
vt 0.5 0
vt 0.5 0.09375
vt 0.5625 0.09375
vt 0.5625 0
vt 0.5 0
vn 0 -0.17364817766693033 -0.984807753012208
vn 1 0 0
vn 0 0.17364817766693033 0.984807753012208
vn -1 0 0
vn 0 0.984807753012208 -0.17364817766693033
vn 0 -0.984807753012208 0.17364817766693033
usemtl body
f 268/636/159 271/635/159 269/634/159 266/633/159
f 267/640/160 268/639/160 266/638/160 265/637/160
f 272/644/161 267/643/161 265/642/161 270/641/161
f 271/648/162 272/647/162 270/646/162 269/645/162
f 270/652/163 265/651/163 266/650/163 269/649/163
f 271/656/164 268/655/164 267/654/164 272/653/164
o chest_body_satchel2
v -0.08585613868056148 1.0704330195133271 -0.15977275224807314
v -0.09128264423265306 1.0649857855915985 -0.2217979945297046
v -0.08443186552545598 0.8836465136211248 -0.14349323559179838
v -0.08985837107754757 0.8781992796993962 -0.20551847787342992
v -0.21580698149412125 1.0649857855915985 -0.21090352668624734
v -0.2103804759420297 1.0704330195133271 -0.14887828440461587
v -0.21438270833901577 0.8781992796993962 -0.19462401002997262
v -0.2089562027869242 0.8836465136211248 -0.13259876774834112
vt 0.3125 0.25
vt 0.375 0.25
vt 0.375 0.15625
vt 0.3125 0.15625
vt 0.3125 0.25
vt 0.34375 0.25
vt 0.34375 0.15625
vt 0.3125 0.15625
vt 0.3125 0.25
vt 0.375 0.25
vt 0.375 0.15625
vt 0.3125 0.15625
vt 0.34375 0.25
vt 0.375 0.25
vt 0.375 0.15625
vt 0.34375 0.15625
vt 0.3125 0.28125
vt 0.375 0.28125
vt 0.375 0.25
vt 0.3125 0.25
vt 0.3125 0.15625
vt 0.375 0.15625
vt 0.375 0.125
vt 0.3125 0.125
vn -0.08682408883346518 -0.0871557427476582 -0.9924038765061041
vn 0.9961946980917455 -1.734723475976807e-18 -0.0871557427476582
vn 0.08682408883346518 0.0871557427476582 0.9924038765061041
vn -0.9961946980917455 1.734723475976807e-18 0.0871557427476582
vn -0.007596123493895972 0.9961946980917455 -0.08682408883346518
vn 0.007596123493895972 -0.9961946980917455 0.08682408883346518
usemtl body
f 276/660/165 279/659/165 277/658/165 274/657/165
f 275/664/166 276/663/166 274/662/166 273/661/166
f 280/668/167 275/667/167 273/666/167 278/665/167
f 279/672/168 280/671/168 278/670/168 277/669/168
f 278/676/169 273/675/169 274/674/169 277/673/169
f 279/680/170 276/679/170 275/678/170 280/677/170
o chest_body_satchel3
v 0.216378197086801 1.0704330195133271 -0.14835355179745863
v 0.2218047026388926 1.0649857855915985 -0.21037879407909013
v 0.21495392393169555 0.8836465136211249 -0.1320740351411839
v 0.2203804294837871 0.8781992796993963 -0.1940992774228154
v 0.0972803653774244 1.0649857855915985 -0.22127326192254743
v 0.09185385982533284 1.0704330195133271 -0.1592480196409159
v 0.09585609222231892 0.8781992796993963 -0.20499374526627268
v 0.09042958667022734 0.8836465136211249 -0.14296850298464117
vt 0.3125 0.25
vt 0.375 0.25
vt 0.375 0.15625
vt 0.3125 0.15625
vt 0.3125 0.25
vt 0.34375 0.25
vt 0.34375 0.15625
vt 0.3125 0.15625
vt 0.3125 0.25
vt 0.375 0.25
vt 0.375 0.15625
vt 0.3125 0.15625
vt 0.34375 0.25
vt 0.375 0.25
vt 0.375 0.15625
vt 0.34375 0.15625
vt 0.3125 0.28125
vt 0.375 0.28125
vt 0.375 0.25
vt 0.3125 0.25
vt 0.3125 0.15625
vt 0.375 0.15625
vt 0.375 0.125
vt 0.3125 0.125
vn 0.08682408883346518 -0.0871557427476582 -0.9924038765061041
vn 0.9961946980917455 1.734723475976807e-18 0.0871557427476582
vn -0.08682408883346518 0.0871557427476582 0.9924038765061041
vn -0.9961946980917455 -1.734723475976807e-18 -0.0871557427476582
vn 0.007596123493895972 0.9961946980917455 -0.08682408883346518
vn -0.007596123493895972 -0.9961946980917455 0.08682408883346518
usemtl body
f 284/684/171 287/683/171 285/682/171 282/681/171
f 283/688/172 284/687/172 282/686/172 281/685/172
f 288/692/173 283/691/173 281/690/173 286/689/173
f 287/696/174 288/695/174 286/694/174 285/693/174
f 286/700/175 281/699/175 282/698/175 285/697/175
f 287/704/176 284/703/176 283/702/176 288/701/176
o chest_body_back_exo_brace_spine
v 0.0625 1.53125 0.18750000000000003
v 0.0625 1.53125 0.06250000000000003
v 0.0625 0.84375 0.18750000000000003
v 0.0625 0.84375 0.06250000000000003
v -0.0625 1.53125 0.06250000000000003
v -0.0625 1.53125 0.18750000000000003
v -0.0625 0.84375 0.06250000000000003
v -0.0625 0.84375 0.18750000000000003
vt 0.59375 1
vt 0.65625 1
vt 0.65625 0.65625
vt 0.59375 0.65625
vt 0.625 1
vt 0.6875 1
vt 0.6875 0.65625
vt 0.625 0.65625
vt 0.65625 1
vt 0.71875 1
vt 0.71875 0.65625
vt 0.65625 0.65625
vt 0.625 1
vt 0.6875 1
vt 0.6875 0.96875
vt 0.625 0.96875
vn 1 0 0
vn 0 0 1
vn -1 0 0
vn 0 1 0
usemtl exoskeleton
f 291/708/177 292/707/177 290/706/177 289/705/177
f 296/712/178 291/711/178 289/710/178 294/709/178
f 295/716/179 296/715/179 294/714/179 293/713/179
f 294/720/180 289/719/180 290/718/180 293/717/180
o chest_body_back_exo_brace_mid
v 0.15625 1.4029874446687491 0.2417935354941949
v 0.15625 1.4138819125122064 0.1172691982327267
v 0.15625 0.9671522642536106 0.20366289804209445
v 0.15625 0.9780467320970678 0.07913856078062625
v -0.15625 1.4138819125122064 0.1172691982327267
v -0.15625 1.4029874446687491 0.2417935354941949
v -0.15625 0.9780467320970678 0.07913856078062625
v -0.15625 0.9671522642536106 0.20366289804209445
vt 0 0.59375
vt 0.0625 0.59375
vt 0.0625 0.375
vt 0 0.375
vt 0.03125 0.59375
vt 0.1875 0.59375
vt 0.1875 0.375
vt 0.03125 0.375
vt 0.15625 0.59375
vt 0.21875 0.59375
vt 0.21875 0.375
vt 0.15625 0.375
vt 0.03125 0.65625
vt 0.1875 0.65625
vt 0.1875 0.59375
vt 0.03125 0.59375
vt 0.03125 0.375
vt 0.1875 0.375
vt 0.1875 0.3125
vt 0.03125 0.3125
vn 1 0 0
vn 0 -0.08715574274765818 0.9961946980917455
vn -1 0 0
vn 0 0.9961946980917455 0.08715574274765818
vn 0 -0.9961946980917455 -0.08715574274765818
usemtl exoskeleton
f 299/724/181 300/723/181 298/722/181 297/721/181
f 304/728/182 299/727/182 297/726/182 302/725/182
f 303/732/183 304/731/183 302/730/183 301/729/183
f 302/736/184 297/735/184 298/734/184 301/733/184
f 303/740/185 300/739/185 299/738/185 304/737/185
o chest_body_back_exo_brace_upper
v 0.21875 1.4684375 0.2814878313692659
v 0.21875 1.4684375 0.09398783136926595
v 0.21875 1.1559375 0.2814878313692659
v 0.21875 1.1559375 0.09398783136926595
v -0.21875 1.4684375 0.09398783136926595
v -0.21875 1.4684375 0.2814878313692659
v -0.21875 1.1559375 0.09398783136926595
v -0.21875 1.1559375 0.2814878313692659
vt 0.125 0.90625
vt 0.21875 0.90625
vt 0.21875 0.75
vt 0.125 0.75
vt 0 0.90625
vt 0.21875 0.90625
vt 0.21875 0.75
vt 0 0.75
vt 0 0.90625
vt 0.09375 0.90625
vt 0.09375 0.75
vt 0 0.75
vt 0 1
vt 0.21875 1
vt 0.21875 0.90625
vt 0 0.90625
vt 0 0.75
vt 0.21875 0.75
vt 0.21875 0.65625
vt 0 0.65625
vn 1 0 0
vn 0 0 1
vn -1 0 0
vn 0 1 0
vn 0 -1 0
usemtl exoskeleton
f 307/744/186 308/743/186 306/742/186 305/741/186
f 312/748/187 307/747/187 305/746/187 310/745/187
f 311/752/188 312/751/188 310/750/188 309/749/188
f 310/756/189 305/755/189 306/754/189 309/753/189
f 311/760/190 308/759/190 307/758/190 312/757/190
o chest_body_back_exo_brace_pack
v 0.125 1.71875 0.34375
v 0.125 1.71875 0.21875
v 0.125 1.28125 0.34375
v 0.125 1.28125 0.21875
v -0.125 1.71875 0.21875
v -0.125 1.71875 0.34375
v -0.125 1.28125 0.21875
v -0.125 1.28125 0.34375
vt 0.34375 0.9375
vt 0.46875 0.9375
vt 0.46875 0.71875
vt 0.34375 0.71875
vt 0.40625 0.9375
vt 0.46875 0.9375
vt 0.46875 0.71875
vt 0.40625 0.71875
vt 0.28125 0.9375
vt 0.40625 0.9375
vt 0.40625 0.71875
vt 0.28125 0.71875
vt 0.21875 0.9375
vt 0.28125 0.9375
vt 0.28125 0.71875
vt 0.21875 0.71875
vt 0.28125 1
vt 0.40625 1
vt 0.40625 0.9375
vt 0.28125 0.9375
vt 0.28125 0.71875
vt 0.40625 0.71875
vt 0.40625 0.65625
vt 0.28125 0.65625
vn 0 0 -1
vn 1 0 0
vn 0 0 1
vn -1 0 0
vn 0 1 0
vn 0 -1 0
usemtl exoskeleton
f 316/764/191 319/763/191 317/762/191 314/761/191
f 315/768/192 316/767/192 314/766/192 313/765/192
f 320/772/193 315/771/193 313/770/193 318/769/193
f 319/776/194 320/775/194 318/774/194 317/773/194
f 318/780/195 313/779/195 314/778/195 317/777/195
f 319/784/196 316/783/196 315/782/196 320/781/196
o chest_body_shoulder_exo_brace_left
v -0.01543043323252169 1.505169825524487 0.2635785434843467
v 0.0006842017984970417 1.503759977642415 0.20320817934127988
v -0.026324901075978957 1.3806454882630186 0.2635785434843467
v -0.010210266044960226 1.379235640380947 0.20320817934127988
v -0.4804408916510321 1.5458529690570997 0.07379865679001953
v -0.49655552668205083 1.5472628169391713 0.1341690209330863
v -0.49133535949448937 1.4213286317956313 0.07379865679001953
v -0.5074499945255081 1.4227384796777032 0.1341690209330863
vt 0 0.0625
vt 0.25 0.0625
vt 0.25 0
vt 0 0
vt 0.21875 0.0625
vt 0.25 0.0625
vt 0.25 0
vt 0.21875 0
vt 0 0.0625
vt 0.25 0.0625
vt 0.25 0
vt 0 0
vt 0 0.0625
vt 0.03125 0.0625
vt 0.03125 0
vt 0 0
vt 0 0.0625
vt 0.25 0.0625
vt 0.25 0.03125
vt 0 0.03125
vt 0 0.03125
vt 0.25 0.03125
vt 0.25 0
vt 0 0
vn 0.25783416049629954 -0.022557566113149838 -0.9659258262890683
vn 0.9622501868990583 -0.0841859828293692 0.2588190451025207
vn -0.25783416049629954 0.022557566113149838 0.9659258262890683
vn -0.9622501868990583 0.0841859828293692 -0.2588190451025207
vn 0.08715574274765817 0.9961946980917455 -6.938893903907228e-18
vn -0.08715574274765817 -0.9961946980917455 6.938893903907228e-18
usemtl exoskeleton
f 324/788/197 327/787/197 325/786/197 322/785/197
f 323/792/198 324/791/198 322/790/198 321/789/198
f 328/796/199 323/795/199 321/794/199 326/793/199
f 327/800/200 328/799/200 326/798/200 325/797/200
f 326/804/201 321/803/201 322/802/201 325/801/201
f 327/808/202 324/807/202 323/806/202 328/805/202
o chest_body_shoulder_exo_brace_right
v 0.4979239302790449 1.5472628169391713 0.1341690209330863
v 0.4818092952480262 1.5458529690570997 0.07379865679001953
v 0.5088183981225022 1.4227384796777032 0.1341690209330863
v 0.49270376309148345 1.4213286317956313 0.07379865679001953
v 0.0006842017984970417 1.503759977642415 0.20320817934127988
v 0.016798836829515773 1.505169825524487 0.2635785434843467
v 0.011578669641954309 1.379235640380947 0.20320817934127988
v 0.02769330467297304 1.3806454882630186 0.2635785434843467
vt 0 0.0625
vt 0.25 0.0625
vt 0.25 0
vt 0 0
vt 0.21875 0.0625
vt 0.25 0.0625
vt 0.25 0
vt 0.21875 0
vt 0 0.0625
vt 0.25 0.0625
vt 0.25 0
vt 0 0
vt 0 0.0625
vt 0.03125 0.0625
vt 0.03125 0
vt 0 0
vt 0 0.0625
vt 0.25 0.0625
vt 0.25 0.03125
vt 0 0.03125
vt 0 0.03125
vt 0.25 0.03125
vt 0.25 0
vt 0 0
vn -0.25783416049629954 -0.022557566113149838 -0.9659258262890683
vn 0.9622501868990583 0.0841859828293692 -0.2588190451025207
vn 0.25783416049629954 0.022557566113149838 0.9659258262890683
vn -0.9622501868990583 -0.0841859828293692 0.2588190451025207
vn -0.08715574274765817 0.9961946980917455 -6.938893903907228e-18
vn 0.08715574274765817 -0.9961946980917455 6.938893903907228e-18
usemtl exoskeleton
f 332/812/203 335/811/203 333/810/203 330/809/203
f 331/816/204 332/815/204 330/814/204 329/813/204
f 336/820/205 331/819/205 329/818/205 334/817/205
f 335/824/206 336/823/206 334/822/206 333/821/206
f 334/828/207 329/827/207 330/826/207 333/825/207
f 335/832/208 332/831/208 331/830/208 336/829/208
o chest_body_plate1
v 0.15625 1.3926618362786094 -0.13177451207534027
v 0.15625 1.3817673684351521 -0.25629884933680847
v 0.15625 1.2058753303864072 -0.11543281031015436
v 0.15625 1.1949808625429499 -0.23995714757162256
v -0.15625 1.3817673684351521 -0.25629884933680847
v -0.15625 1.3926618362786094 -0.13177451207534027
v -0.15625 1.1949808625429499 -0.23995714757162256
v -0.15625 1.2058753303864072 -0.11543281031015436
vt 0.84375 0.09375
vt 1 0.09375
vt 1 0
vt 0.84375 0
vt 0.96875 0.09375
vt 1 0.09375
vt 1 0
vt 0.96875 0
vt 0.84375 0.09375
vt 0.875 0.09375
vt 0.875 0
vt 0.84375 0
vt 0.84375 0.09375
vt 1 0.09375
vt 1 0.0625
vt 0.84375 0.0625
vt 0.84375 0.03125
vt 1 0.03125
vt 1 0
vt 0.84375 0
vn 0 -0.08715574274765818 -0.9961946980917455
vn 1 0 0
vn -1 0 0
vn 0 0.9961946980917455 -0.08715574274765818
vn 0 -0.9961946980917455 0.08715574274765818
usemtl body
f 340/836/209 343/835/209 341/834/209 338/833/209
f 339/840/210 340/839/210 338/838/210 337/837/210
f 343/844/211 344/843/211 342/842/211 341/841/211
f 342/848/212 337/847/212 338/846/212 341/845/212
f 343/852/213 340/851/213 339/850/213 344/849/213
o chest_body_plate4
v 0.134375 1.21284873672954 -0.16120174783372307
v 0.134375 1.2019957256253568 -0.22275223239698608
v 0.134375 1.028197283039751 -0.12864271452117365
v 0.134375 1.0173442719355679 -0.19019319908443663
v 0.009374999999999994 1.2019957256253568 -0.22275223239698608
v 0.009374999999999994 1.21284873672954 -0.16120174783372307
v 0.009374999999999994 1.0173442719355679 -0.19019319908443663
v 0.009374999999999994 1.028197283039751 -0.12864271452117365
vt 1 0.25
vt 0.9375 0.25
vt 0.9375 0.125
vt 1 0.125
vt 1 0.25
vt 0.96875 0.25
vt 0.96875 0.125
vt 1 0.125
vt 0.96875 0.25
vt 0.90625 0.25
vt 0.90625 0.125
vt 0.96875 0.125
vt 0.96875 0.25
vt 0.9375 0.25
vt 0.9375 0.125
vt 0.96875 0.125
vt 0.9375 0.15625
vt 1 0.15625
vt 1 0.125
vt 0.9375 0.125
vn 0 -0.17364817766693033 -0.984807753012208
vn 1 0 0
vn 0 0.17364817766693033 0.984807753012208
vn -1 0 0
vn 0 -0.984807753012208 0.17364817766693033
usemtl body
f 348/856/214 351/855/214 349/854/214 346/853/214
f 347/860/215 348/859/215 346/858/215 345/857/215
f 352/864/216 347/863/216 345/862/216 350/861/216
f 351/868/217 352/867/217 350/866/217 349/865/217
f 351/872/218 348/871/218 347/870/218 352/869/218
o chest_body_plate5
v -0.009374999999999994 1.21284873672954 -0.16120174783372307
v -0.009374999999999994 1.2019957256253568 -0.22275223239698608
v -0.009374999999999994 1.028197283039751 -0.12864271452117365
v -0.009374999999999994 1.0173442719355679 -0.19019319908443663
v -0.13437500000000002 1.2019957256253568 -0.22275223239698608
v -0.13437500000000002 1.21284873672954 -0.16120174783372307
v -0.13437500000000002 1.0173442719355679 -0.19019319908443663
v -0.13437500000000002 1.028197283039751 -0.12864271452117365
vt 0.9375 0.25
vt 1 0.25
vt 1 0.125
vt 0.9375 0.125
vt 0.9375 0.25
vt 0.96875 0.25
vt 0.96875 0.125
vt 0.9375 0.125
vt 0.90625 0.25
vt 0.96875 0.25
vt 0.96875 0.125
vt 0.90625 0.125
vt 0.96875 0.25
vt 1 0.25
vt 1 0.125
vt 0.96875 0.125
vt 0.9375 0.15625
vt 1 0.15625
vt 1 0.125
vt 0.9375 0.125
vn 0 -0.17364817766693033 -0.984807753012208
vn 1 0 0
vn 0 0.17364817766693033 0.984807753012208
vn -1 0 0
vn 0 -0.984807753012208 0.17364817766693033
usemtl body
f 356/876/219 359/875/219 357/874/219 354/873/219
f 355/880/220 356/879/220 354/878/220 353/877/220
f 360/884/221 355/883/221 353/882/221 358/881/221
f 359/888/222 360/887/222 358/886/222 357/885/222
f 359/892/223 356/891/223 355/890/223 360/889/223
o chest_body_plate2
v 0.21875 1.436550484563263 -0.11414698889581686
v 0.21875 1.4474034956674462 -0.17569747345907985
v 0.21875 1.251899030873474 -0.1467060222083663
v 0.21875 1.2627520419776572 -0.2082565067716293
v -0.21875 1.4474034956674462 -0.17569747345907985
v -0.21875 1.436550484563263 -0.11414698889581686
v -0.21875 1.2627520419776572 -0.2082565067716293
v -0.21875 1.251899030873474 -0.1467060222083663
vt 0.59375 0.09375
vt 0.8125 0.09375
vt 0.8125 0
vt 0.59375 0
vt 0.59375 0.09375
vt 0.625 0.09375
vt 0.625 0
vt 0.59375 0
vt 0.59375 0.21875
vt 0.8125 0.21875
vt 0.8125 0.125
vt 0.59375 0.125
vt 0.59375 0.09375
vt 0.625 0.09375
vt 0.625 0
vt 0.59375 0
vt 0.59375 0.09375
vt 0.8125 0.09375
vt 0.8125 0.0625
vt 0.59375 0.0625
vn 0 0.17364817766693033 -0.984807753012208
vn 1 0 0
vn 0 -0.17364817766693033 0.984807753012208
vn -1 0 0
vn 0 0.984807753012208 0.17364817766693033
usemtl body
f 364/896/224 367/895/224 365/894/224 362/893/224
f 363/900/225 364/899/225 362/898/225 361/897/225
f 368/904/226 363/903/226 361/902/226 366/901/226
f 367/908/227 368/907/227 366/906/227 365/905/227
f 366/912/228 361/911/228 362/910/228 365/909/228
o chest_body_brace1
v 0.28125 1.3330255648455531 0.11522602883230437
v 0.28125 1.387290620366469 -0.1925263939840106
v 0.28125 1.27147508028229 0.10437301772812123
v 0.28125 1.325740135803206 -0.20337940508819374
v -0.28125 1.387290620366469 -0.1925263939840106
v -0.28125 1.3330255648455531 0.11522602883230437
v -0.28125 1.325740135803206 -0.20337940508819374
v -0.28125 1.27147508028229 0.10437301772812123
vt 0 0.4375
vt 0.28125 0.4375
vt 0.28125 0.40625
vt 0 0.40625
vt 0 0.4375
vt 0.15625 0.4375
vt 0.15625 0.40625
vt 0 0.40625
vt 0 0.4375
vt 0.15625 0.4375
vt 0.15625 0.40625
vt 0 0.40625
vt 0 0.4375
vt 0.28125 0.4375
vt 0.28125 0.28125
vt 0 0.28125
vt 0 0.4375
vt 0.28125 0.4375
vt 0.28125 0.28125
vt 0 0.28125
vn 0 0.17364817766693033 -0.984807753012208
vn 1 0 0
vn -1 0 0
vn 0 0.984807753012208 0.17364817766693033
vn 0 -0.984807753012208 -0.17364817766693033
usemtl body
f 372/916/229 375/915/229 373/914/229 370/913/229
f 371/920/230 372/919/230 370/918/230 369/917/230
f 375/924/231 376/923/231 374/922/231 373/921/231
f 374/928/232 369/927/232 370/926/232 373/925/232
f 375/932/233 372/931/233 371/930/233 376/929/233
o chest_body_waist
v 0.28125 1.03125 0.15625
v 0.28125 1.03125 -0.15625
v 0.28125 0.90625 0.15625
v 0.28125 0.90625 -0.15625
v -0.28125 1.03125 -0.15625
v -0.28125 1.03125 0.15625
v -0.28125 0.90625 -0.15625
v -0.28125 0.90625 0.15625
vt 0 0.25
vt 0.28125 0.25
vt 0.28125 0.1875
vt 0 0.1875
vt 0 0.25
vt 0.15625 0.25
vt 0.15625 0.1875
vt 0 0.1875
vt 0 0.25
vt 0.28125 0.25
vt 0.28125 0.1875
vt 0 0.1875
vt 0 0.25
vt 0.15625 0.25
vt 0.15625 0.1875
vt 0 0.1875
vt 0 0.15625
vt 0.28125 0.15625
vt 0.28125 0
vt 0 0
vt 0 0.15625
vt 0.28125 0.15625
vt 0.28125 0
vt 0 0
vn 0 0 -1
vn 1 0 0
vn 0 0 1
vn -1 0 0
vn 0 1 0
vn 0 -1 0
usemtl body
f 380/936/234 383/935/234 381/934/234 378/933/234
f 379/940/235 380/939/235 378/938/235 377/937/235
f 384/944/236 379/943/236 377/942/236 382/941/236
f 383/948/237 384/947/237 382/946/237 381/945/237
f 382/952/238 377/951/238 378/950/238 381/949/238
f 383/956/239 380/955/239 379/954/239 384/953/239
o chest_body_plate3
v 0.21875 1.2736050530818404 -0.1467060222083663
v 0.21875 1.2627520419776572 -0.2082565067716293
v 0.21875 1.1505040839553144 -0.125
v 0.21875 1.139651072851131 -0.186550484563263
v -0.21875 1.2627520419776572 -0.2082565067716293
v -0.21875 1.2736050530818404 -0.1467060222083663
v -0.21875 1.139651072851131 -0.186550484563263
v -0.21875 1.1505040839553144 -0.125
vt 0.59375 0.21875
vt 0.8125 0.21875
vt 0.8125 0.125
vt 0.59375 0.125
vt 0.65625 0.0625
vt 0.6875 0.0625
vt 0.6875 0
vt 0.65625 0
vt 0.59375 0.21875
vt 0.8125 0.21875
vt 0.8125 0.125
vt 0.59375 0.125
vt 0.65625 0.0625
vt 0.6875 0.0625
vt 0.6875 0
vt 0.65625 0
vn 0 -0.17364817766693033 -0.984807753012208
vn 1 0 0
vn 0 0.17364817766693033 0.984807753012208
vn -1 0 0
usemtl body
f 388/960/240 391/959/240 389/958/240 386/957/240
f 387/964/241 388/963/241 386/962/241 385/961/241
f 392/968/242 387/967/242 385/966/242 390/965/242
f 391/972/243 392/971/243 390/970/243 389/969/243
o chest_body_brace2
v 0.28125 1.275157056731191 0.10066460286464118
v 0.28125 1.1942761051366533 -0.20118721785069266
v 0.28125 1.2147866925881243 0.1168407931835487
v 0.28125 1.1339057409935864 -0.1850110275317851
v -0.28125 1.1942761051366533 -0.20118721785069266
v -0.28125 1.275157056731191 0.10066460286464118
v -0.28125 1.1339057409935864 -0.1850110275317851
v -0.28125 1.2147866925881243 0.1168407931835487
vt 0 0.4375
vt 0.28125 0.4375
vt 0.28125 0.40625
vt 0 0.40625
vt 0 0.4375
vt 0.15625 0.4375
vt 0.15625 0.40625
vt 0 0.40625
vt 0 0.4375
vt 0.15625 0.4375
vt 0.15625 0.40625
vt 0 0.40625
vt 0 0.4375
vt 0.28125 0.4375
vt 0.28125 0.28125
vt 0 0.28125
vt 0 0.4375
vt 0.28125 0.4375
vt 0.28125 0.28125
vt 0 0.28125
vn 0 -0.25881904510252074 -0.9659258262890683
vn 1 0 0
vn -1 0 0
vn 0 0.9659258262890683 -0.25881904510252074
vn 0 -0.9659258262890683 0.25881904510252074
usemtl body
f 396/976/244 399/975/244 397/974/244 394/973/244
f 395/980/245 396/979/245 394/978/245 393/977/245
f 399/984/246 400/983/246 398/982/246 397/981/246
f 398/988/247 393/987/247 394/986/247 397/985/247
f 399/992/248 396/991/248 395/990/248 400/989/248
o chest_body_brace3
v 0.28125 1.3375 0.140625
v 0.28125 1.3375 0.078125
v 0.28125 1.2125 0.140625
v 0.28125 1.2125 0.078125
v -0.28125 1.3375 0.078125
v -0.28125 1.3375 0.140625
v -0.28125 1.2125 0.078125
v -0.28125 1.2125 0.140625
vt 0 0.4375
vt 0.28125 0.4375
vt 0.28125 0.40625
vt 0 0.40625
vt 0 0.4375
vt 0.28125 0.4375
vt 0.28125 0.40625
vt 0 0.40625
vt 0 0.53125
vt 0.28125 0.53125
vt 0.28125 0.46875
vt 0 0.46875
vt 0 0.4375
vt 0.28125 0.4375
vt 0.28125 0.40625
vt 0 0.40625
vt 0 0.4375
vt 0.28125 0.4375
vt 0.28125 0.40625
vt 0 0.40625
vt 0 0.4375
vt 0.28125 0.4375
vt 0.28125 0.40625
vt 0 0.40625
vn 0 0 -1
vn 1 0 0
vn 0 0 1
vn -1 0 0
vn 0 1 0
vn 0 -1 0
usemtl body
f 404/996/249 407/995/249 405/994/249 402/993/249
f 403/1000/250 404/999/250 402/998/250 401/997/250
f 408/1004/251 403/1003/251 401/1002/251 406/1001/251
f 407/1008/252 408/1007/252 406/1006/252 405/1005/252
f 406/1012/253 401/1011/253 402/1010/253 405/1009/253
f 407/1016/254 404/1015/254 403/1014/254 408/1013/254
o chest_body_led1
v -0.03125 1.315744050336851 -0.18927743366484662
v -0.03125 1.3211912842585796 -0.2515396022955807
v -0.03125 1.2534818817061169 -0.19472466758657525
v -0.03125 1.2589291156278455 -0.25698683621730933
v -0.09375 1.3211912842585796 -0.2515396022955807
v -0.09375 1.315744050336851 -0.18927743366484662
v -0.09375 1.2589291156278455 -0.25698683621730933
v -0.09375 1.2534818817061169 -0.19472466758657525
vt 0 0.9375
vt 0.0625 0.9375
vt 0.0625 1
vt 0 1
vt 0 0.9375
vt 0.0625 0.9375
vt 0.0625 1
vt 0 1
vt 0 0.9375
vt 0.0625 0.9375
vt 0.0625 1
vt 0 1
vt 0 0.9375
vt 0.0625 0.9375
vt 0.0625 1
vt 0 1
vn 0 0.08715574274765818 -0.9961946980917455
vn 1 0 0
vn -1 0 0
vn 0 -0.9961946980917455 -0.08715574274765818
usemtl body_led
f 412/1020/255 415/1019/255 413/1018/255 410/1017/255
f 411/1024/256 412/1023/256 410/1022/256 409/1021/256
f 415/1028/257 416/1027/257 414/1026/257 413/1025/257
f 415/1032/258 412/1031/258 411/1030/258 416/1029/258
o chest_body_led2
v 0.09375 1.315744050336851 -0.18927743366484662
v 0.09375 1.3211912842585796 -0.2515396022955807
v 0.09375 1.2534818817061169 -0.19472466758657525
v 0.09375 1.2589291156278455 -0.25698683621730933
v 0.03125 1.3211912842585796 -0.2515396022955807
v 0.03125 1.315744050336851 -0.18927743366484662
v 0.03125 1.2589291156278455 -0.25698683621730933
v 0.03125 1.2534818817061169 -0.19472466758657525
vt 0 0.9375
vt 0.0625 0.9375
vt 0.0625 1
vt 0 1
vt 0 0.9375
vt 0.0625 0.9375
vt 0.0625 1
vt 0 1
vt 0 0.9375
vt 0.0625 0.9375
vt 0.0625 1
vt 0 1
vt 0 0.9375
vt 0.0625 0.9375
vt 0.0625 1
vt 0 1
vn 0 0.08715574274765818 -0.9961946980917455
vn 1 0 0
vn -1 0 0
vn 0 -0.9961946980917455 -0.08715574274765818
usemtl body_led
f 420/1036/259 423/1035/259 421/1034/259 418/1033/259
f 419/1040/260 420/1039/260 418/1038/260 417/1037/260
f 423/1044/261 424/1043/261 422/1042/261 421/1041/261
f 423/1048/262 420/1047/262 419/1046/262 424/1045/262
o chest_body_neck
v 0.125 1.534375 0.125
v 0.125 1.534375 -0.125
v 0.125 1.409375 0.125
v 0.125 1.409375 -0.125
v -0.125 1.534375 -0.125
v -0.125 1.534375 0.125
v -0.125 1.409375 -0.125
v -0.125 1.409375 0.125
vt 0.6875 0.0625
vt 0.71875 0.0625
vt 0.71875 0.03125
vt 0.6875 0.03125
vt 0.6875 0.0625
vt 0.71875 0.0625
vt 0.71875 0.03125
vt 0.6875 0.03125
vt 0.6875 0.0625
vt 0.71875 0.0625
vt 0.71875 0.03125
vt 0.6875 0.03125
vt 0.6875 0.0625
vt 0.71875 0.0625
vt 0.71875 0.03125
vt 0.6875 0.03125
vt 0.6875 0.0625
vt 0.71875 0.0625
vt 0.71875 0.03125
vt 0.6875 0.03125
vt 0.6875 0.0625
vt 0.71875 0.0625
vt 0.71875 0.03125
vt 0.6875 0.03125
vn 0 0 -1
vn 1 0 0
vn 0 0 1
vn -1 0 0
vn 0 1 0
vn 0 -1 0
usemtl helmet
f 428/1052/263 431/1051/263 429/1050/263 426/1049/263
f 427/1056/264 428/1055/264 426/1054/264 425/1053/264
f 432/1060/265 427/1059/265 425/1058/265 430/1057/265
f 431/1064/266 432/1063/266 430/1062/266 429/1061/266
f 430/1068/267 425/1067/267 426/1066/267 429/1065/267
f 431/1072/268 428/1071/268 427/1070/268 432/1069/268
o chest_left_arm_exo_brace1
v -0.47865100885067746 1.4829576347565687 0.15593750000000023
v -0.47865100885067746 1.4829576347565687 -0.03156249999999999
v -0.5113344123810492 1.109384622972165 0.15593750000000023
v -0.5113344123810492 1.109384622972165 -0.03156249999999999
v -0.5409131774814115 1.4884048686782974 -0.03156249999999999
v -0.5409131774814115 1.4884048686782974 0.15593750000000023
v -0.5735965810117832 1.1148318568938935 -0.03156249999999999
v -0.5735965810117832 1.1148318568938935 0.15593750000000023
vt 0.40625 0.3125
vt 0.4375 0.3125
vt 0.4375 0.125
vt 0.40625 0.125
vt 0.40625 0.3125
vt 0.5 0.3125
vt 0.5 0.125
vt 0.40625 0.125
vt 0.46875 0.3125
vt 0.5 0.3125
vt 0.5 0.125
vt 0.46875 0.125
vt 0.40625 0.3125
vt 0.5 0.3125
vt 0.5 0.125
vt 0.40625 0.125
vt 0.40625 0.15625
vt 0.5 0.15625
vt 0.5 0.125
vt 0.40625 0.125
vn 0 0 -1
vn 0.9961946980917455 -0.08715574274765818 0
vn 0 0 1
vn -0.9961946980917455 0.08715574274765818 0
vn -0.08715574274765818 -0.9961946980917455 0
usemtl exoskeleton
f 436/1076/269 439/1075/269 437/1074/269 434/1073/269
f 435/1080/270 436/1079/270 434/1078/270 433/1077/270
f 440/1084/271 435/1083/271 433/1082/271 438/1081/271
f 439/1088/272 440/1087/272 438/1086/272 437/1085/272
f 439/1092/273 436/1091/273 435/1090/273 440/1089/273
o chest_left_arm_exo_brace2
v -0.3750000000000001 1.1218588147641675 0.22365083028569674
v -0.3750000000000001 1.1055171129989816 0.036864324393494435
v -0.3750000000000001 0.9973344775026992 0.234545298129154
v -0.3750000000000001 0.9809927757375133 0.0477587922369517
v -0.5625000000000001 1.1055171129989816 0.036864324393494435
v -0.5625000000000001 1.1218588147641675 0.22365083028569674
v -0.5625000000000001 0.9809927757375133 0.0477587922369517
v -0.5625000000000001 0.9973344775026992 0.234545298129154
vt 0.40625 0.28125
vt 0.5 0.28125
vt 0.5 0.21875
vt 0.40625 0.21875
vt 0.40625 0.28125
vt 0.5 0.28125
vt 0.5 0.21875
vt 0.40625 0.21875
vt 0.40625 0.28125
vt 0.5 0.28125
vt 0.5 0.21875
vt 0.40625 0.21875
vt 0.40625 0.28125
vt 0.5 0.28125
vt 0.5 0.21875
vt 0.40625 0.21875
vt 0.90625 0.4375
vt 1 0.4375
vt 1 0.34375
vt 0.90625 0.34375
vt 0.90625 0.3125
vt 1 0.3125
vt 1 0.21875
vt 0.90625 0.21875
vn 0 -0.08715574274765818 -0.9961946980917455
vn 1 0 0
vn 0 0.08715574274765818 0.9961946980917455
vn -1 0 0
vn 0 0.9961946980917455 -0.08715574274765818
vn 0 -0.9961946980917455 0.08715574274765818
usemtl exoskeleton
f 444/1096/274 447/1095/274 445/1094/274 442/1093/274
f 443/1100/275 444/1099/275 442/1098/275 441/1097/275
f 448/1104/276 443/1103/276 441/1102/276 446/1101/276
f 447/1108/277 448/1107/277 446/1106/277 445/1105/277
f 446/1112/278 441/1111/278 442/1110/278 445/1109/278
f 447/1116/279 444/1115/279 443/1114/279 448/1113/279
o chest_left_arm_exo_brace3
v -0.40937500000000004 1.005569942925902 0.21582228724824976
v -0.40937500000000004 1.0379223235637172 0.09508155896211617
v -0.40937500000000004 0.703718122210568 0.13494133565371197
v -0.40937500000000004 0.736070502848383 0.014200607367578388
v -0.534375 1.0379223235637172 0.09508155896211617
v -0.534375 1.005569942925902 0.21582228724824976
v -0.534375 0.736070502848383 0.014200607367578388
v -0.534375 0.703718122210568 0.13494133565371197
vt 0.875 0.875
vt 0.8125 0.875
vt 0.8125 0.71875
vt 0.875 0.71875
vt 0.78125 0.875
vt 0.84375 0.875
vt 0.84375 0.71875
vt 0.78125 0.71875
vt 0.75 0.875
vt 0.8125 0.875
vt 0.8125 0.71875
vt 0.75 0.71875
vt 0.78125 0.78125
vt 0.84375 0.78125
vt 0.84375 0.71875
vt 0.78125 0.71875
vn 1 0 0
vn 0 -0.25881904510252074 0.9659258262890683
vn -1 0 0
vn 0 -0.9659258262890683 -0.25881904510252074
usemtl exoskeleton
f 451/1120/280 452/1119/280 450/1118/280 449/1117/280
f 456/1124/281 451/1123/281 449/1122/281 454/1121/281
f 455/1128/282 456/1127/282 454/1126/282 453/1125/282
f 455/1132/283 452/1131/283 451/1130/283 456/1129/283
o chest_left_arm_upper_plate
v -0.35341317748141143 1.4884048686782971 0.15625000000000022
v -0.35341317748141143 1.4884048686782971 -0.15624999999999978
v -0.35341317748141143 1.3009048686782971 0.15625000000000022
v -0.35341317748141143 1.3009048686782971 -0.15624999999999978
v -0.5409131774814114 1.4884048686782971 -0.15624999999999978
v -0.5409131774814114 1.4884048686782971 0.15625000000000022
v -0.5409131774814114 1.3009048686782971 -0.15624999999999978
v -0.5409131774814114 1.3009048686782971 0.15625000000000022
vt 0.71875 0.75
vt 0.8125 0.75
vt 0.8125 0.65625
vt 0.71875 0.65625
vt 0.96875 0.75
vt 0.8125 0.75
vt 0.8125 0.65625
vt 0.96875 0.65625
vt 0.71875 0.84375
vt 0.8125 0.84375
vt 0.8125 0.75
vt 0.71875 0.75
vt 0.8125 0.75
vt 0.96875 0.75
vt 0.96875 0.65625
vt 0.8125 0.65625
vt 0.8125 0.75
vt 0.8125 0.84375
vt 0.96875 0.84375
vt 0.96875 0.75
vt 0.96875 0.75
vt 0.96875 0.84375
vt 0.8125 0.84375
vt 0.8125 0.75
vn 0 0 -1
vn 1 0 0
vn 0 0 1
vn -1 0 0
vn 0 1 0
vn 0 -1 0
usemtl body
f 460/1136/284 463/1135/284 461/1134/284 458/1133/284
f 459/1140/285 460/1139/285 458/1138/285 457/1137/285
f 464/1144/286 459/1143/286 457/1142/286 462/1141/286
f 463/1148/287 464/1147/287 462/1146/287 461/1145/287
f 462/1152/288 457/1151/288 458/1150/288 461/1149/288
f 463/1156/289 460/1155/289 459/1154/289 464/1153/289
o chest_left_arm_middle_plate1
v -0.21875 1.25 0.1559375
v -0.21875 1.25 -0.1565625
v -0.21875 1 0.1559375
v -0.21875 1 -0.1565625
v -0.34375 1.25 -0.1565625
v -0.34375 1.25 0.1559375
v -0.34375 1 -0.1565625
v -0.34375 1 0.1559375
vt 0.5 0.46875
vt 0.5625 0.46875
vt 0.5625 0.34375
vt 0.5 0.34375
vt 0.40625 0.46875
vt 0.5625 0.46875
vt 0.5625 0.34375
vt 0.40625 0.34375
vt 0.5 0.46875
vt 0.5625 0.46875
vt 0.5625 0.34375
vt 0.5 0.34375
vt 0.40625 0.46875
vt 0.5625 0.46875
vt 0.5625 0.34375
vt 0.40625 0.34375
vt 0.40625 0.40625
vt 0.5625 0.40625
vt 0.5625 0.34375
vt 0.40625 0.34375
vt 0.40625 0.40625
vt 0.5625 0.40625
vt 0.5625 0.34375
vt 0.40625 0.34375
vn 0 0 -1
vn 1 0 0
vn 0 0 1
vn -1 0 0
vn 0 1 0
vn 0 -1 0
usemtl body
f 468/1160/290 471/1159/290 469/1158/290 466/1157/290
f 467/1164/291 468/1163/291 466/1162/291 465/1161/291
f 472/1168/292 467/1167/292 465/1166/292 470/1165/292
f 471/1172/293 472/1171/293 470/1170/293 469/1169/293
f 470/1176/294 465/1175/294 466/1174/294 469/1173/294
f 471/1180/295 468/1179/295 467/1178/295 472/1177/295
o chest_left_arm_brace1
v -0.40625 1.203125 0.15625
v -0.40625 1.203125 -0.15625
v -0.40625 1.140625 0.15625
v -0.40625 1.140625 -0.15625
v -0.53125 1.203125 -0.15625
v -0.53125 1.203125 0.15625
v -0.53125 1.140625 -0.15625
v -0.53125 1.140625 0.15625
vt 0.59375 0.5625
vt 0.65625 0.5625
vt 0.65625 0.59375
vt 0.59375 0.59375
vt 0.59375 0.5625
vt 0.75 0.5625
vt 0.75 0.59375
vt 0.59375 0.59375
vt 0.59375 0.5625
vt 0.65625 0.5625
vt 0.65625 0.59375
vt 0.59375 0.59375
vt 0.59375 0.5625
vt 0.75 0.5625
vt 0.75 0.59375
vt 0.59375 0.59375
vt 0.59375 0.53125
vt 0.75 0.53125
vt 0.75 0.59375
vt 0.59375 0.59375
vt 0.59375 0.53125
vt 0.75 0.53125
vt 0.75 0.59375
vt 0.59375 0.59375
vn 0 0 -1
vn 1 0 0
vn 0 0 1
vn -1 0 0
vn 0 1 0
vn 0 -1 0
usemtl body
f 476/1184/296 479/1183/296 477/1182/296 474/1181/296
f 475/1188/297 476/1187/297 474/1186/297 473/1185/297
f 480/1192/298 475/1191/298 473/1190/298 478/1189/298
f 479/1196/299 480/1195/299 478/1194/299 477/1193/299
f 478/1200/300 473/1199/300 474/1198/300 477/1197/300
f 479/1204/301 476/1203/301 475/1202/301 480/1201/301
o chest_left_arm_middle_plate2
v -0.34375 1.25 0.140625
v -0.34375 1.25 -0.171875
v -0.34375 1 0.140625
v -0.34375 1 -0.171875
v -0.40625 1.25 -0.171875
v -0.40625 1.25 0.140625
v -0.40625 1 -0.171875
v -0.40625 1 0.140625
vt 0.46875 0.25
vt 0.53125 0.25
vt 0.53125 0.3125
vt 0.46875 0.3125
vt 0.46875 0.25
vt 0.53125 0.25
vt 0.53125 0.3125
vt 0.46875 0.3125
vt 0.46875 0.25
vt 0.53125 0.25
vt 0.53125 0.3125
vt 0.46875 0.3125
vt 0.46875 0.25
vt 0.53125 0.25
vt 0.53125 0.3125
vt 0.46875 0.3125
vt 0.46875 0.25
vt 0.53125 0.25
vt 0.53125 0.3125
vt 0.46875 0.3125
vt 0.46875 0.25
vt 0.53125 0.25
vt 0.53125 0.3125
vt 0.46875 0.3125
vn 0 0 -1
vn 1 0 0
vn 0 0 1
vn -1 0 0
vn 0 1 0
vn 0 -1 0
usemtl body
f 484/1208/302 487/1207/302 485/1206/302 482/1205/302
f 483/1212/303 484/1211/303 482/1210/303 481/1209/303
f 488/1216/304 483/1215/304 481/1214/304 486/1213/304
f 487/1220/305 488/1219/305 486/1218/305 485/1217/305
f 486/1224/306 481/1223/306 482/1222/306 485/1221/306
f 487/1228/307 484/1227/307 483/1226/307 488/1225/307
o chest_left_arm_lower_plate
v -0.40625 1 0.09375
v -0.40625 1 -0.15625
v -0.40625 0.75 0.09375
v -0.40625 0.75 -0.15625
v -0.53125 1 -0.15625
v -0.53125 1 0.09375
v -0.53125 0.75 -0.15625
v -0.53125 0.75 0.09375
vt 0.8125 0.40625
vt 0.875 0.40625
vt 0.875 0.28125
vt 0.8125 0.28125
vt 0.9375 0.40625
vt 0.8125 0.40625
vt 0.8125 0.28125
vt 0.9375 0.28125
vt 0.96875 0.40625
vt 0.90625 0.40625
vt 0.90625 0.28125
vt 0.96875 0.28125
vt 0.875 0.40625
vt 1 0.40625
vt 1 0.28125
vt 0.875 0.28125
vt 0.875 0.40625
vt 0.875 0.46875
vt 1 0.46875
vt 1 0.40625
vn 0 0 -1
vn 1 0 0
vn 0 0 1
vn -1 0 0
vn 0 1 0
usemtl body
f 492/1232/308 495/1231/308 493/1230/308 490/1229/308
f 491/1236/309 492/1235/309 490/1234/309 489/1233/309
f 496/1240/310 491/1239/310 489/1238/310 494/1237/310
f 495/1244/311 496/1243/311 494/1242/311 493/1241/311
f 494/1248/312 489/1247/312 490/1246/312 493/1245/312
o chest_left_arm_finger6
v -0.21875 0.875 0.03125
v -0.21875 0.875 -0.03125
v -0.21875 0.6875 0.03125
v -0.21875 0.6875 -0.03125
v -0.28125 0.875 -0.03125
v -0.28125 0.875 0.03125
v -0.28125 0.6875 -0.03125
v -0.28125 0.6875 0.03125
vt 0.40625 0.125
vt 0.46875 0.125
vt 0.46875 0.1875
vt 0.40625 0.1875
vt 0.40625 0.125
vt 0.46875 0.125
vt 0.46875 0.1875
vt 0.40625 0.1875
vt 0.40625 0.125
vt 0.46875 0.125
vt 0.46875 0.1875
vt 0.40625 0.1875
vt 0.40625 0.125
vt 0.46875 0.125
vt 0.46875 0.1875
vt 0.40625 0.1875
vt 0.40625 0.125
vt 0.46875 0.125
vt 0.46875 0.1875
vt 0.40625 0.1875
vt 0.40625 0.125
vt 0.46875 0.125
vt 0.46875 0.1875
vt 0.40625 0.1875
vn 0 0 -1
vn 1 0 0
vn 0 0 1
vn -1 0 0
vn 0 1 0
vn 0 -1 0
usemtl body
f 500/1252/313 503/1251/313 501/1250/313 498/1249/313
f 499/1256/314 500/1255/314 498/1254/314 497/1253/314
f 504/1260/315 499/1259/315 497/1258/315 502/1257/315
f 503/1264/316 504/1263/316 502/1262/316 501/1261/316
f 502/1268/317 497/1267/317 498/1266/317 501/1265/317
f 503/1272/318 500/1271/318 499/1270/318 504/1269/318
o chest_left_arm_finger3
v -0.34375 0.75 -0.03125
v -0.34375 0.75 -0.09375
v -0.34375 0.6875 -0.03125
v -0.34375 0.6875 -0.09375
v -0.53125 0.75 -0.09375
v -0.53125 0.75 -0.03125
v -0.53125 0.6875 -0.09375
v -0.53125 0.6875 -0.03125
vt 0.40625 0.1875
vt 0.46875 0.1875
vt 0.46875 0.25
vt 0.40625 0.25
vt 0.40625 0.1875
vt 0.46875 0.1875
vt 0.46875 0.25
vt 0.40625 0.25
vt 0.40625 0.1875
vt 0.46875 0.1875
vt 0.46875 0.25
vt 0.40625 0.25
vt 0.40625 0.1875
vt 0.46875 0.1875
vt 0.46875 0.25
vt 0.40625 0.25
vt 0.40625 0.1875
vt 0.46875 0.1875
vt 0.46875 0.25
vt 0.40625 0.25
vt 0.40625 0.1875
vt 0.46875 0.1875
vt 0.46875 0.25
vt 0.40625 0.25
vn 0 0 -1
vn 1 0 0
vn 0 0 1
vn -1 0 0
vn 0 1 0
vn 0 -1 0
usemtl body
f 508/1276/319 511/1275/319 509/1274/319 506/1273/319
f 507/1280/320 508/1279/320 506/1278/320 505/1277/320
f 512/1284/321 507/1283/321 505/1282/321 510/1281/321
f 511/1288/322 512/1287/322 510/1286/322 509/1285/322
f 510/1292/323 505/1291/323 506/1290/323 509/1289/323
f 511/1296/324 508/1295/324 507/1294/324 512/1293/324
o chest_left_arm_finger2
v -0.34375 0.75 0.03125
v -0.34375 0.75 -0.03125
v -0.34375 0.6875 0.03125
v -0.34375 0.6875 -0.03125
v -0.53125 0.75 -0.03125
v -0.53125 0.75 0.03125
v -0.53125 0.6875 -0.03125
v -0.53125 0.6875 0.03125
vt 0.40625 0.125
vt 0.46875 0.125
vt 0.46875 0.1875
vt 0.40625 0.1875
vt 0.40625 0.125
vt 0.46875 0.125
vt 0.46875 0.1875
vt 0.40625 0.1875
vt 0.40625 0.125
vt 0.46875 0.125
vt 0.46875 0.1875
vt 0.40625 0.1875
vt 0.40625 0.125
vt 0.46875 0.125
vt 0.46875 0.1875
vt 0.40625 0.1875
vt 0.40625 0.125
vt 0.46875 0.125
vt 0.46875 0.1875
vt 0.40625 0.1875
vt 0.40625 0.125
vt 0.46875 0.125
vt 0.46875 0.1875
vt 0.40625 0.1875
vn 0 0 -1
vn 1 0 0
vn 0 0 1
vn -1 0 0
vn 0 1 0
vn 0 -1 0
usemtl body
f 516/1300/325 519/1299/325 517/1298/325 514/1297/325
f 515/1304/326 516/1303/326 514/1302/326 513/1301/326
f 520/1308/327 515/1307/327 513/1306/327 518/1305/327
f 519/1312/328 520/1311/328 518/1310/328 517/1309/328
f 518/1316/329 513/1315/329 514/1314/329 517/1313/329
f 519/1320/330 516/1319/330 515/1318/330 520/1317/330
o chest_left_arm_finger4
v -0.34375 0.75 0.09375
v -0.34375 0.75 0.03125
v -0.34375 0.6875 0.09375
v -0.34375 0.6875 0.03125
v -0.53125 0.75 0.03125
v -0.53125 0.75 0.09375
v -0.53125 0.6875 0.03125
v -0.53125 0.6875 0.09375
vt 0.40625 0.1875
vt 0.46875 0.1875
vt 0.46875 0.25
vt 0.40625 0.25
vt 0.40625 0.1875
vt 0.46875 0.1875
vt 0.46875 0.25
vt 0.40625 0.25
vt 0.40625 0.1875
vt 0.46875 0.1875
vt 0.46875 0.25
vt 0.40625 0.25
vt 0.40625 0.1875
vt 0.46875 0.1875
vt 0.46875 0.25
vt 0.40625 0.25
vt 0.40625 0.1875
vt 0.46875 0.1875
vt 0.46875 0.25
vt 0.40625 0.25
vt 0.40625 0.1875
vt 0.46875 0.1875
vt 0.46875 0.25
vt 0.40625 0.25
vn 0 0 -1
vn 1 0 0
vn 0 0 1
vn -1 0 0
vn 0 1 0
vn 0 -1 0
usemtl body
f 524/1324/331 527/1323/331 525/1322/331 522/1321/331
f 523/1328/332 524/1327/332 522/1326/332 521/1325/332
f 528/1332/333 523/1331/333 521/1330/333 526/1329/333
f 527/1336/334 528/1335/334 526/1334/334 525/1333/334
f 526/1340/335 521/1339/335 522/1338/335 525/1337/335
f 527/1344/336 524/1343/336 523/1342/336 528/1341/336
o chest_left_arm_finger1
v -0.34375 0.75 -0.09375
v -0.34375 0.75 -0.15625
v -0.34375 0.6875 -0.09375
v -0.34375 0.6875 -0.15625
v -0.53125 0.75 -0.15625
v -0.53125 0.75 -0.09375
v -0.53125 0.6875 -0.15625
v -0.53125 0.6875 -0.09375
vt 0.40625 0.125
vt 0.46875 0.125
vt 0.46875 0.1875
vt 0.40625 0.1875
vt 0.40625 0.125
vt 0.46875 0.125
vt 0.46875 0.1875
vt 0.40625 0.1875
vt 0.40625 0.125
vt 0.46875 0.125
vt 0.46875 0.1875
vt 0.40625 0.1875
vt 0.40625 0.125
vt 0.46875 0.125
vt 0.46875 0.1875
vt 0.40625 0.1875
vt 0.40625 0.125
vt 0.46875 0.125
vt 0.46875 0.1875
vt 0.40625 0.1875
vt 0.40625 0.125
vt 0.46875 0.125
vt 0.46875 0.1875
vt 0.40625 0.1875
vn 0 0 -1
vn 1 0 0
vn 0 0 1
vn -1 0 0
vn 0 1 0
vn 0 -1 0
usemtl body
f 532/1348/337 535/1347/337 533/1346/337 530/1345/337
f 531/1352/338 532/1351/338 530/1350/338 529/1349/338
f 536/1356/339 531/1355/339 529/1354/339 534/1353/339
f 535/1360/340 536/1359/340 534/1358/340 533/1357/340
f 534/1364/341 529/1363/341 530/1362/341 533/1361/341
f 535/1368/342 532/1367/342 531/1366/342 536/1365/342
o chest_left_arm_finger5
v -0.21875 0.875 -0.03125
v -0.21875 0.875 -0.09375
v -0.21875 0.6875 -0.03125
v -0.21875 0.6875 -0.09375
v -0.28125 0.875 -0.09375
v -0.28125 0.875 -0.03125
v -0.28125 0.6875 -0.09375
v -0.28125 0.6875 -0.03125
vt 0.40625 0.1875
vt 0.46875 0.1875
vt 0.46875 0.25
vt 0.40625 0.25
vt 0.40625 0.1875
vt 0.46875 0.1875
vt 0.46875 0.25
vt 0.40625 0.25
vt 0.40625 0.1875
vt 0.46875 0.1875
vt 0.46875 0.25
vt 0.40625 0.25
vt 0.40625 0.1875
vt 0.46875 0.1875
vt 0.46875 0.25
vt 0.40625 0.25
vt 0.40625 0.1875
vt 0.46875 0.1875
vt 0.46875 0.25
vt 0.40625 0.25
vt 0.40625 0.1875
vt 0.46875 0.1875
vt 0.46875 0.25
vt 0.40625 0.25
vn 0 0 -1
vn 1 0 0
vn 0 0 1
vn -1 0 0
vn 0 1 0
vn 0 -1 0
usemtl body
f 540/1372/343 543/1371/343 541/1370/343 538/1369/343
f 539/1376/344 540/1375/344 538/1374/344 537/1373/344
f 544/1380/345 539/1379/345 537/1378/345 542/1377/345
f 543/1384/346 544/1383/346 542/1382/346 541/1381/346
f 542/1388/347 537/1387/347 538/1386/347 541/1385/347
f 543/1392/348 540/1391/348 539/1390/348 544/1389/348
o chest_left_arm_led1
v -0.44062500000000004 1.15625 -0.06562499999999999
v -0.44062500000000004 1.15625 -0.128125
v -0.44062500000000004 1.09375 -0.06562499999999999
v -0.44062500000000004 1.09375 -0.128125
v -0.503125 1.15625 -0.128125
v -0.503125 1.15625 -0.06562499999999999
v -0.503125 1.09375 -0.128125
v -0.503125 1.09375 -0.06562499999999999
vt 0 0.9375
vt 0.0625 0.9375
vt 0.0625 1
vt 0 1
vt 0 0.9375
vt 0.0625 0.9375
vt 0.0625 1
vt 0 1
vt 0 0.9375
vt 0.0625 0.9375
vt 0.0625 1
vt 0 1
vt 0 0.9375
vt 0.0625 0.9375
vt 0.0625 1
vt 0 1
vn 0 0 -1
vn 1 0 0
vn 0 0 1
vn -1 0 0
usemtl body_led
f 548/1396/349 551/1395/349 549/1394/349 546/1393/349
f 547/1400/350 548/1399/350 546/1398/350 545/1397/350
f 552/1404/351 547/1403/351 545/1402/351 550/1401/351
f 551/1408/352 552/1407/352 550/1406/352 549/1405/352
o chest_left_arm_brace2
v -0.40625 1.109375 0.15625
v -0.40625 1.109375 -0.15625
v -0.40625 1.046875 0.15625
v -0.40625 1.046875 -0.15625
v -0.53125 1.109375 -0.15625
v -0.53125 1.109375 0.15625
v -0.53125 1.046875 -0.15625
v -0.53125 1.046875 0.15625
vt 0.59375 0.5625
vt 0.65625 0.5625
vt 0.65625 0.59375
vt 0.59375 0.59375
vt 0.59375 0.5625
vt 0.75 0.5625
vt 0.75 0.59375
vt 0.59375 0.59375
vt 0.59375 0.53125
vt 0.75 0.53125
vt 0.75 0.59375
vt 0.59375 0.59375
vt 0.59375 0.53125
vt 0.75 0.53125
vt 0.75 0.59375
vt 0.59375 0.59375
vn 0 0 -1
vn -1 0 0
vn 0 1 0
vn 0 -1 0
usemtl body
f 556/1412/353 559/1411/353 557/1410/353 554/1409/353
f 559/1416/354 560/1415/354 558/1414/354 557/1413/354
f 558/1420/355 553/1419/355 554/1418/355 557/1417/355
f 559/1424/356 556/1423/356 555/1422/356 560/1421/356
o chest_right_arm_exo_brace1
v 0.5465569866571572 1.4880016683394257 0.15593750000000023
v 0.5465569866571572 1.4880016683394257 -0.03156249999999999
v 0.5792403901875289 1.1144286565550219 0.15593750000000023
v 0.5792403901875289 1.1144286565550219 -0.03156249999999999
v 0.48429481802642316 1.482554434417697 -0.03156249999999999
v 0.48429481802642316 1.482554434417697 0.15593750000000023
v 0.5169782215567948 1.1089814226332932 -0.03156249999999999
v 0.5169782215567948 1.1089814226332932 0.15593750000000023
vt 0.40625 0.3125
vt 0.4375 0.3125
vt 0.4375 0.125
vt 0.40625 0.125
vt 0.40625 0.3125
vt 0.5 0.3125
vt 0.5 0.125
vt 0.40625 0.125
vt 0.46875 0.3125
vt 0.5 0.3125
vt 0.5 0.125
vt 0.46875 0.125
vt 0.40625 0.3125
vt 0.5 0.3125
vt 0.5 0.125
vt 0.40625 0.125
vt 0.40625 0.15625
vt 0.5 0.15625
vt 0.5 0.125
vt 0.40625 0.125
vn 0 0 -1
vn 0.9961946980917455 0.08715574274765818 0
vn 0 0 1
vn -0.9961946980917455 -0.08715574274765818 0
vn 0.08715574274765818 -0.9961946980917455 0
usemtl exoskeleton
f 564/1428/357 567/1427/357 565/1426/357 562/1425/357
f 563/1432/358 564/1431/358 562/1430/358 561/1429/358
f 568/1436/359 563/1435/359 561/1434/359 566/1433/359
f 567/1440/360 568/1439/360 566/1438/360 565/1437/360
f 567/1444/361 564/1443/361 563/1442/361 568/1441/361
o chest_right_arm_exo_brace2
v 0.5625 1.1218588147641675 0.22365083028569674
v 0.5625 1.1055171129989816 0.036864324393494435
v 0.5625 0.9973344775026992 0.234545298129154
v 0.5625 0.9809927757375133 0.0477587922369517
v 0.375 1.1055171129989816 0.036864324393494435
v 0.375 1.1218588147641675 0.22365083028569674
v 0.375 0.9809927757375133 0.0477587922369517
v 0.375 0.9973344775026992 0.234545298129154
vt 0.40625 0.28125
vt 0.5 0.28125
vt 0.5 0.21875
vt 0.40625 0.21875
vt 0.40625 0.28125
vt 0.5 0.28125
vt 0.5 0.21875
vt 0.40625 0.21875
vt 0.40625 0.28125
vt 0.5 0.28125
vt 0.5 0.21875
vt 0.40625 0.21875
vt 0.40625 0.28125
vt 0.5 0.28125
vt 0.5 0.21875
vt 0.40625 0.21875
vt 0.90625 0.4375
vt 1 0.4375
vt 1 0.34375
vt 0.90625 0.34375
vt 0.90625 0.3125
vt 1 0.3125
vt 1 0.21875
vt 0.90625 0.21875
vn 0 -0.08715574274765818 -0.9961946980917455
vn 1 0 0
vn 0 0.08715574274765818 0.9961946980917455
vn -1 0 0
vn 0 0.9961946980917455 -0.08715574274765818
vn 0 -0.9961946980917455 0.08715574274765818
usemtl exoskeleton
f 572/1448/362 575/1447/362 573/1446/362 570/1445/362
f 571/1452/363 572/1451/363 570/1450/363 569/1449/363
f 576/1456/364 571/1455/364 569/1454/364 574/1453/364
f 575/1460/365 576/1459/365 574/1458/365 573/1457/365
f 574/1464/366 569/1463/366 570/1462/366 573/1461/366
f 575/1468/367 572/1467/367 571/1466/367 576/1465/367
o chest_right_arm_exo_brace3
v 0.528125 1.005569942925902 0.21582228724824976
v 0.528125 1.0379223235637172 0.09508155896211617
v 0.528125 0.703718122210568 0.13494133565371197
v 0.528125 0.7360705028483832 0.014200607367578388
v 0.40312499999999996 1.0379223235637172 0.09508155896211617
v 0.40312499999999996 1.005569942925902 0.21582228724824976
v 0.40312499999999996 0.7360705028483832 0.014200607367578388
v 0.40312499999999996 0.703718122210568 0.13494133565371197
vt 0.8125 0.875
vt 0.75 0.875
vt 0.75 0.71875
vt 0.8125 0.71875
vt 0.84375 0.875
vt 0.78125 0.875
vt 0.78125 0.71875
vt 0.84375 0.71875
vt 0.8125 0.875
vt 0.875 0.875
vt 0.875 0.71875
vt 0.8125 0.71875
vt 0.84375 0.78125
vt 0.78125 0.78125
vt 0.78125 0.71875
vt 0.84375 0.71875
vn 1 0 0
vn 0 -0.25881904510252074 0.9659258262890683
vn -1 0 0
vn 0 -0.9659258262890683 -0.25881904510252074
usemtl exoskeleton
f 579/1472/368 580/1471/368 578/1470/368 577/1469/368
f 584/1476/369 579/1475/369 577/1474/369 582/1473/369
f 583/1480/370 584/1479/370 582/1478/370 581/1477/370
f 583/1484/371 580/1483/371 579/1482/371 584/1481/371
o chest_right_arm_led1
v 0.503125 1.15625 -0.06562499999999999
v 0.503125 1.15625 -0.128125
v 0.503125 1.09375 -0.06562499999999999
v 0.503125 1.09375 -0.128125
v 0.44062500000000004 1.15625 -0.128125
v 0.44062500000000004 1.15625 -0.06562499999999999
v 0.44062500000000004 1.09375 -0.128125
v 0.44062500000000004 1.09375 -0.06562499999999999
vt 0 0.9375
vt 0.0625 0.9375
vt 0.0625 1
vt 0 1
vt 0 0.9375
vt 0.0625 0.9375
vt 0.0625 1
vt 0 1
vt 0 0.9375
vt 0.0625 0.9375
vt 0.0625 1
vt 0 1
vt 0 0.9375
vt 0.0625 0.9375
vt 0.0625 1
vt 0 1
vn 0 0 -1
vn 1 0 0
vn 0 0 1
vn -1 0 0
usemtl body_led
f 588/1488/372 591/1487/372 589/1486/372 586/1485/372
f 587/1492/373 588/1491/373 586/1490/373 585/1489/373
f 592/1496/374 587/1495/374 585/1494/374 590/1493/374
f 591/1500/375 592/1499/375 590/1498/375 589/1497/375
o chest_right_arm_upper_plate
v 0.5465569866571572 1.4880016683394257 0.15625
v 0.5465569866571572 1.4880016683394257 -0.15625
v 0.5465569866571572 1.3005016683394257 0.15625
v 0.5465569866571572 1.3005016683394257 -0.15625
v 0.35905698665715724 1.4880016683394257 -0.15625
v 0.35905698665715724 1.4880016683394257 0.15625
v 0.35905698665715724 1.3005016683394257 -0.15625
v 0.35905698665715724 1.3005016683394257 0.15625
vt 0.71875 0.75
vt 0.8125 0.75
vt 0.8125 0.65625
vt 0.71875 0.65625
vt 0.96875 0.75
vt 0.8125 0.75
vt 0.8125 0.65625
vt 0.96875 0.65625
vt 0.71875 0.84375
vt 0.8125 0.84375
vt 0.8125 0.75
vt 0.71875 0.75
vt 0.8125 0.75
vt 0.96875 0.75
vt 0.96875 0.65625
vt 0.8125 0.65625
vt 0.8125 0.75
vt 0.8125 0.84375
vt 0.96875 0.84375
vt 0.96875 0.75
vt 0.96875 0.75
vt 0.96875 0.84375
vt 0.8125 0.84375
vt 0.8125 0.75
vn 0 0 -1
vn 1 0 0
vn 0 0 1
vn -1 0 0
vn 0 1 0
vn 0 -1 0
usemtl body
f 596/1504/376 599/1503/376 597/1502/376 594/1501/376
f 595/1508/377 596/1507/377 594/1506/377 593/1505/377
f 600/1512/378 595/1511/378 593/1510/378 598/1509/378
f 599/1516/379 600/1515/379 598/1514/379 597/1513/379
f 598/1520/380 593/1519/380 594/1518/380 597/1517/380
f 599/1524/381 596/1523/381 595/1522/381 600/1521/381
o chest_right_arm_lower_plate
v 0.53125 1 0.09375
v 0.53125 1 -0.15625
v 0.53125 0.75 0.09375
v 0.53125 0.75 -0.15625
v 0.40625 1 -0.15625
v 0.40625 1 0.09375
v 0.40625 0.75 -0.15625
v 0.40625 0.75 0.09375
vt 0.875 0.40625
vt 0.8125 0.40625
vt 0.8125 0.28125
vt 0.875 0.28125
vt 1 0.40625
vt 0.875 0.40625
vt 0.875 0.28125
vt 1 0.28125
vt 0.90625 0.40625
vt 0.96875 0.40625
vt 0.96875 0.28125
vt 0.90625 0.28125
vt 0.8125 0.40625
vt 0.9375 0.40625
vt 0.9375 0.28125
vt 0.8125 0.28125
vt 0.875 0.40625
vt 0.875 0.46875
vt 1 0.46875
vt 1 0.40625
vn 0 0 -1
vn 1 0 0
vn 0 0 1
vn -1 0 0
vn 0 1 0
usemtl body
f 604/1528/382 607/1527/382 605/1526/382 602/1525/382
f 603/1532/383 604/1531/383 602/1530/383 601/1529/383
f 608/1536/384 603/1535/384 601/1534/384 606/1533/384
f 607/1540/385 608/1539/385 606/1538/385 605/1537/385
f 606/1544/386 601/1543/386 602/1542/386 605/1541/386
o chest_right_arm_middle_plate1
v 0.34375 1.25 0.1559375
v 0.34375 1.25 -0.1565625
v 0.34375 1 0.1559375
v 0.34375 1 -0.1565625
v 0.21875 1.25 -0.1565625
v 0.21875 1.25 0.1559375
v 0.21875 1 -0.1565625
v 0.21875 1 0.1559375
vt 0.5 0.46875
vt 0.5625 0.46875
vt 0.5625 0.34375
vt 0.5 0.34375
vt 0.40625 0.46875
vt 0.5625 0.46875
vt 0.5625 0.34375
vt 0.40625 0.34375
vt 0.5 0.46875
vt 0.5625 0.46875
vt 0.5625 0.34375
vt 0.5 0.34375
vt 0.40625 0.46875
vt 0.5625 0.46875
vt 0.5625 0.34375
vt 0.40625 0.34375
vt 0.40625 0.40625
vt 0.5625 0.40625
vt 0.5625 0.34375
vt 0.40625 0.34375
vt 0.40625 0.40625
vt 0.5625 0.40625
vt 0.5625 0.34375
vt 0.40625 0.34375
vn 0 0 -1
vn 1 0 0
vn 0 0 1
vn -1 0 0
vn 0 1 0
vn 0 -1 0
usemtl body
f 612/1548/387 615/1547/387 613/1546/387 610/1545/387
f 611/1552/388 612/1551/388 610/1550/388 609/1549/388
f 616/1556/389 611/1555/389 609/1554/389 614/1553/389
f 615/1560/390 616/1559/390 614/1558/390 613/1557/390
f 614/1564/391 609/1563/391 610/1562/391 613/1561/391
f 615/1568/392 612/1567/392 611/1566/392 616/1565/392
o chest_right_arm_middle_plate2
v 0.40625 1.25 0.140625
v 0.40625 1.25 -0.171875
v 0.40625 1 0.140625
v 0.40625 1 -0.171875
v 0.34375 1.25 -0.171875
v 0.34375 1.25 0.140625
v 0.34375 1 -0.171875
v 0.34375 1 0.140625
vt 0.46875 0.25
vt 0.53125 0.25
vt 0.53125 0.3125
vt 0.46875 0.3125
vt 0.46875 0.25
vt 0.53125 0.25
vt 0.53125 0.3125
vt 0.46875 0.3125
vt 0.46875 0.25
vt 0.53125 0.25
vt 0.53125 0.3125
vt 0.46875 0.3125
vt 0.46875 0.25
vt 0.53125 0.25
vt 0.53125 0.3125
vt 0.46875 0.3125
vt 0.46875 0.25
vt 0.53125 0.25
vt 0.53125 0.3125
vt 0.46875 0.3125
vt 0.46875 0.25
vt 0.53125 0.25
vt 0.53125 0.3125
vt 0.46875 0.3125
vn 0 0 -1
vn 1 0 0
vn 0 0 1
vn -1 0 0
vn 0 1 0
vn 0 -1 0
usemtl body
f 620/1572/393 623/1571/393 621/1570/393 618/1569/393
f 619/1576/394 620/1575/394 618/1574/394 617/1573/394
f 624/1580/395 619/1579/395 617/1578/395 622/1577/395
f 623/1584/396 624/1583/396 622/1582/396 621/1581/396
f 622/1588/397 617/1587/397 618/1586/397 621/1585/397
f 623/1592/398 620/1591/398 619/1590/398 624/1589/398
o chest_right_arm_brace1
v 0.53125 1.203125 0.15625
v 0.53125 1.203125 -0.15625
v 0.53125 1.140625 0.15625
v 0.53125 1.140625 -0.15625
v 0.40625 1.203125 -0.15625
v 0.40625 1.203125 0.15625
v 0.40625 1.140625 -0.15625
v 0.40625 1.140625 0.15625
vt 0.59375 0.5625
vt 0.65625 0.5625
vt 0.65625 0.59375
vt 0.59375 0.59375
vt 0.59375 0.5625
vt 0.75 0.5625
vt 0.75 0.59375
vt 0.59375 0.59375
vt 0.59375 0.5625
vt 0.65625 0.5625
vt 0.65625 0.59375
vt 0.59375 0.59375
vt 0.59375 0.5625
vt 0.75 0.5625
vt 0.75 0.59375
vt 0.59375 0.59375
vt 0.59375 0.53125
vt 0.75 0.53125
vt 0.75 0.59375
vt 0.59375 0.59375
vt 0.59375 0.53125
vt 0.75 0.53125
vt 0.75 0.59375
vt 0.59375 0.59375
vn 0 0 -1
vn 1 0 0
vn 0 0 1
vn -1 0 0
vn 0 1 0
vn 0 -1 0
usemtl body
f 628/1596/399 631/1595/399 629/1594/399 626/1593/399
f 627/1600/400 628/1599/400 626/1598/400 625/1597/400
f 632/1604/401 627/1603/401 625/1602/401 630/1601/401
f 631/1608/402 632/1607/402 630/1606/402 629/1605/402
f 630/1612/403 625/1611/403 626/1610/403 629/1609/403
f 631/1616/404 628/1615/404 627/1614/404 632/1613/404
o chest_right_arm_brace2
v 0.53125 1.109375 0.15625
v 0.53125 1.109375 -0.15625
v 0.53125 1.046875 0.15625
v 0.53125 1.046875 -0.15625
v 0.40625 1.109375 -0.15625
v 0.40625 1.109375 0.15625
v 0.40625 1.046875 -0.15625
v 0.40625 1.046875 0.15625
vt 0.59375 0.5625
vt 0.65625 0.5625
vt 0.65625 0.59375
vt 0.59375 0.59375
vt 0.59375 0.5625
vt 0.75 0.5625
vt 0.75 0.59375
vt 0.59375 0.59375
vt 0.59375 0.53125
vt 0.75 0.53125
vt 0.75 0.59375
vt 0.59375 0.59375
vt 0.59375 0.53125
vt 0.75 0.53125
vt 0.75 0.59375
vt 0.59375 0.59375
vn 0 0 -1
vn 1 0 0
vn 0 1 0
vn 0 -1 0
usemtl body
f 636/1620/405 639/1619/405 637/1618/405 634/1617/405
f 635/1624/406 636/1623/406 634/1622/406 633/1621/406
f 638/1628/407 633/1627/407 634/1626/407 637/1625/407
f 639/1632/408 636/1631/408 635/1630/408 640/1629/408
o chest_right_arm_finger1
v 0.53125 0.75 -0.09375
v 0.53125 0.75 -0.15625
v 0.53125 0.6875 -0.09375
v 0.53125 0.6875 -0.15625
v 0.34375 0.75 -0.15625
v 0.34375 0.75 -0.09375
v 0.34375 0.6875 -0.15625
v 0.34375 0.6875 -0.09375
vt 0.40625 0.125
vt 0.46875 0.125
vt 0.46875 0.1875
vt 0.40625 0.1875
vt 0.40625 0.125
vt 0.46875 0.125
vt 0.46875 0.1875
vt 0.40625 0.1875
vt 0.40625 0.125
vt 0.46875 0.125
vt 0.46875 0.1875
vt 0.40625 0.1875
vt 0.40625 0.125
vt 0.46875 0.125
vt 0.46875 0.1875
vt 0.40625 0.1875
vt 0.40625 0.125
vt 0.46875 0.125
vt 0.46875 0.1875
vt 0.40625 0.1875
vt 0.40625 0.125
vt 0.46875 0.125
vt 0.46875 0.1875
vt 0.40625 0.1875
vn 0 0 -1
vn 1 0 0
vn 0 0 1
vn -1 0 0
vn 0 1 0
vn 0 -1 0
usemtl body
f 644/1636/409 647/1635/409 645/1634/409 642/1633/409
f 643/1640/410 644/1639/410 642/1638/410 641/1637/410
f 648/1644/411 643/1643/411 641/1642/411 646/1641/411
f 647/1648/412 648/1647/412 646/1646/412 645/1645/412
f 646/1652/413 641/1651/413 642/1650/413 645/1649/413
f 647/1656/414 644/1655/414 643/1654/414 648/1653/414
o chest_right_arm_finger2
v 0.53125 0.75 0.03125
v 0.53125 0.75 -0.03125
v 0.53125 0.6875 0.03125
v 0.53125 0.6875 -0.03125
v 0.34375 0.75 -0.03125
v 0.34375 0.75 0.03125
v 0.34375 0.6875 -0.03125
v 0.34375 0.6875 0.03125
vt 0.40625 0.125
vt 0.46875 0.125
vt 0.46875 0.1875
vt 0.40625 0.1875
vt 0.40625 0.125
vt 0.46875 0.125
vt 0.46875 0.1875
vt 0.40625 0.1875
vt 0.40625 0.125
vt 0.46875 0.125
vt 0.46875 0.1875
vt 0.40625 0.1875
vt 0.40625 0.125
vt 0.46875 0.125
vt 0.46875 0.1875
vt 0.40625 0.1875
vt 0.40625 0.125
vt 0.46875 0.125
vt 0.46875 0.1875
vt 0.40625 0.1875
vt 0.40625 0.125
vt 0.46875 0.125
vt 0.46875 0.1875
vt 0.40625 0.1875
vn 0 0 -1
vn 1 0 0
vn 0 0 1
vn -1 0 0
vn 0 1 0
vn 0 -1 0
usemtl body
f 652/1660/415 655/1659/415 653/1658/415 650/1657/415
f 651/1664/416 652/1663/416 650/1662/416 649/1661/416
f 656/1668/417 651/1667/417 649/1666/417 654/1665/417
f 655/1672/418 656/1671/418 654/1670/418 653/1669/418
f 654/1676/419 649/1675/419 650/1674/419 653/1673/419
f 655/1680/420 652/1679/420 651/1678/420 656/1677/420
o chest_right_arm_finger3
v 0.53125 0.75 -0.03125
v 0.53125 0.75 -0.09375
v 0.53125 0.6875 -0.03125
v 0.53125 0.6875 -0.09375
v 0.34375 0.75 -0.09375
v 0.34375 0.75 -0.03125
v 0.34375 0.6875 -0.09375
v 0.34375 0.6875 -0.03125
vt 0.40625 0.1875
vt 0.46875 0.1875
vt 0.46875 0.25
vt 0.40625 0.25
vt 0.40625 0.1875
vt 0.46875 0.1875
vt 0.46875 0.25
vt 0.40625 0.25
vt 0.40625 0.1875
vt 0.46875 0.1875
vt 0.46875 0.25
vt 0.40625 0.25
vt 0.40625 0.1875
vt 0.46875 0.1875
vt 0.46875 0.25
vt 0.40625 0.25
vt 0.40625 0.1875
vt 0.46875 0.1875
vt 0.46875 0.25
vt 0.40625 0.25
vt 0.40625 0.1875
vt 0.46875 0.1875
vt 0.46875 0.25
vt 0.40625 0.25
vn 0 0 -1
vn 1 0 0
vn 0 0 1
vn -1 0 0
vn 0 1 0
vn 0 -1 0
usemtl body
f 660/1684/421 663/1683/421 661/1682/421 658/1681/421
f 659/1688/422 660/1687/422 658/1686/422 657/1685/422
f 664/1692/423 659/1691/423 657/1690/423 662/1689/423
f 663/1696/424 664/1695/424 662/1694/424 661/1693/424
f 662/1700/425 657/1699/425 658/1698/425 661/1697/425
f 663/1704/426 660/1703/426 659/1702/426 664/1701/426
o chest_right_arm_finger4
v 0.53125 0.75 0.09375
v 0.53125 0.75 0.03125
v 0.53125 0.6875 0.09375
v 0.53125 0.6875 0.03125
v 0.34375 0.75 0.03125
v 0.34375 0.75 0.09375
v 0.34375 0.6875 0.03125
v 0.34375 0.6875 0.09375
vt 0.40625 0.1875
vt 0.46875 0.1875
vt 0.46875 0.25
vt 0.40625 0.25
vt 0.40625 0.1875
vt 0.46875 0.1875
vt 0.46875 0.25
vt 0.40625 0.25
vt 0.40625 0.1875
vt 0.46875 0.1875
vt 0.46875 0.25
vt 0.40625 0.25
vt 0.40625 0.1875
vt 0.46875 0.1875
vt 0.46875 0.25
vt 0.40625 0.25
vt 0.40625 0.1875
vt 0.46875 0.1875
vt 0.46875 0.25
vt 0.40625 0.25
vt 0.40625 0.1875
vt 0.46875 0.1875
vt 0.46875 0.25
vt 0.40625 0.25
vn 0 0 -1
vn 1 0 0
vn 0 0 1
vn -1 0 0
vn 0 1 0
vn 0 -1 0
usemtl body
f 668/1708/427 671/1707/427 669/1706/427 666/1705/427
f 667/1712/428 668/1711/428 666/1710/428 665/1709/428
f 672/1716/429 667/1715/429 665/1714/429 670/1713/429
f 671/1720/430 672/1719/430 670/1718/430 669/1717/430
f 670/1724/431 665/1723/431 666/1722/431 669/1721/431
f 671/1728/432 668/1727/432 667/1726/432 672/1725/432
o chest_right_arm_finger5
v 0.28125 0.875 -0.03125
v 0.28125 0.875 -0.09375
v 0.28125 0.6875 -0.03125
v 0.28125 0.6875 -0.09375
v 0.21875 0.875 -0.09375
v 0.21875 0.875 -0.03125
v 0.21875 0.6875 -0.09375
v 0.21875 0.6875 -0.03125
vt 0.40625 0.1875
vt 0.46875 0.1875
vt 0.46875 0.25
vt 0.40625 0.25
vt 0.40625 0.1875
vt 0.46875 0.1875
vt 0.46875 0.25
vt 0.40625 0.25
vt 0.40625 0.1875
vt 0.46875 0.1875
vt 0.46875 0.25
vt 0.40625 0.25
vt 0.40625 0.1875
vt 0.46875 0.1875
vt 0.46875 0.25
vt 0.40625 0.25
vt 0.40625 0.1875
vt 0.46875 0.1875
vt 0.46875 0.25
vt 0.40625 0.25
vt 0.40625 0.1875
vt 0.46875 0.1875
vt 0.46875 0.25
vt 0.40625 0.25
vn 0 0 -1
vn 1 0 0
vn 0 0 1
vn -1 0 0
vn 0 1 0
vn 0 -1 0
usemtl body
f 676/1732/433 679/1731/433 677/1730/433 674/1729/433
f 675/1736/434 676/1735/434 674/1734/434 673/1733/434
f 680/1740/435 675/1739/435 673/1738/435 678/1737/435
f 679/1744/436 680/1743/436 678/1742/436 677/1741/436
f 678/1748/437 673/1747/437 674/1746/437 677/1745/437
f 679/1752/438 676/1751/438 675/1750/438 680/1749/438
o chest_right_arm_finger6
v 0.28125 0.875 0.03125
v 0.28125 0.875 -0.03125
v 0.28125 0.6875 0.03125
v 0.28125 0.6875 -0.03125
v 0.21875 0.875 -0.03125
v 0.21875 0.875 0.03125
v 0.21875 0.6875 -0.03125
v 0.21875 0.6875 0.03125
vt 0.40625 0.125
vt 0.46875 0.125
vt 0.46875 0.1875
vt 0.40625 0.1875
vt 0.40625 0.125
vt 0.46875 0.125
vt 0.46875 0.1875
vt 0.40625 0.1875
vt 0.40625 0.125
vt 0.46875 0.125
vt 0.46875 0.1875
vt 0.40625 0.1875
vt 0.40625 0.125
vt 0.46875 0.125
vt 0.46875 0.1875
vt 0.40625 0.1875
vt 0.40625 0.125
vt 0.46875 0.125
vt 0.46875 0.1875
vt 0.40625 0.1875
vt 0.40625 0.125
vt 0.46875 0.125
vt 0.46875 0.1875
vt 0.40625 0.1875
vn 0 0 -1
vn 1 0 0
vn 0 0 1
vn -1 0 0
vn 0 1 0
vn 0 -1 0
usemtl body
f 684/1756/439 687/1755/439 685/1754/439 682/1753/439
f 683/1760/440 684/1759/440 682/1758/440 681/1757/440
f 688/1764/441 683/1763/441 681/1762/441 686/1761/441
f 687/1768/442 688/1767/442 686/1766/442 685/1765/442
f 686/1772/443 681/1771/443 682/1770/443 685/1769/443
f 687/1776/444 684/1775/444 683/1774/444 688/1773/444
o shared_chest_leggings_body_brace2
v 0.125 0.8423230117844045 0.2201834035303718
v 0.125 0.8423230117844045 0.0951834035303718
v 0.125 0.7173230117844045 0.2201834035303718
v 0.125 0.7173230117844045 0.0951834035303718
v -0.125 0.8423230117844045 0.0951834035303718
v -0.125 0.8423230117844045 0.2201834035303718
v -0.125 0.7173230117844045 0.0951834035303718
v -0.125 0.7173230117844045 0.2201834035303718
vt 0.4375 0.09375
vt 0.5625 0.09375
vt 0.5625 0.03125
vt 0.4375 0.03125
vt 0.4375 0.09375
vt 0.5625 0.09375
vt 0.5625 0.03125
vt 0.4375 0.03125
vt 0.4375 0.09375
vt 0.5625 0.09375
vt 0.5625 0.03125
vt 0.4375 0.03125
vt 0.4375 0.09375
vt 0.5625 0.09375
vt 0.5625 0.0625
vt 0.4375 0.0625
vt 0.4375 0.03125
vt 0.5625 0.03125
vt 0.5625 0
vt 0.4375 0
vn 1 0 0
vn 0 0 1
vn -1 0 0
vn 0 1 0
vn 0 -1 0
usemtl exoskeleton
f 691/1780/445 692/1779/445 690/1778/445 689/1777/445
f 696/1784/446 691/1783/446 689/1782/446 694/1781/446
f 695/1788/447 696/1787/447 694/1786/447 693/1785/447
f 694/1792/448 689/1791/448 690/1790/448 693/1789/448
f 695/1796/449 692/1795/449 691/1794/449 696/1793/449
o shared_chest_leggings_body_brace1
v 0.3125 0.90625 0.15648783136926592
v 0.3125 0.90625 0.03148783136926592
v 0.3125 0.78125 0.15648783136926592
v 0.3125 0.78125 0.03148783136926592
v -0.3125 0.90625 0.03148783136926592
v -0.3125 0.90625 0.15648783136926592
v -0.3125 0.78125 0.03148783136926592
v -0.3125 0.78125 0.15648783136926592
vt 0 0.15625
vt 0.3125 0.15625
vt 0.3125 0.09375
vt 0 0.09375
vt 0.1875 0.15625
vt 0.25 0.15625
vt 0.25 0.09375
vt 0.1875 0.09375
vt 0 0.15625
vt 0.3125 0.15625
vt 0.3125 0.09375
vt 0 0.09375
vt 0 0.15625
vt 0.0625 0.15625
vt 0.0625 0.09375
vt 0 0.09375
vt 0 0.15625
vt 0.3125 0.15625
vt 0.3125 0.125
vt 0 0.125
vt 0 0.125
vt 0.3125 0.125
vt 0.3125 0.09375
vt 0 0.09375
vn 0 0 -1
vn 1 0 0
vn 0 0 1
vn -1 0 0
vn 0 1 0
vn 0 -1 0
usemtl exoskeleton
f 700/1800/450 703/1799/450 701/1798/450 698/1797/450
f 699/1804/451 700/1803/451 698/1802/451 697/1801/451
f 704/1808/452 699/1807/452 697/1806/452 702/1805/452
f 703/1812/453 704/1811/453 702/1810/453 701/1809/453
f 702/1816/454 697/1815/454 698/1814/454 701/1813/454
f 703/1820/455 700/1819/455 699/1818/455 704/1817/455
o leggings_right_leg_lower_plate2
v 0.28125 0.4375 0.15625
v 0.28125 0.4375 -0.09375
v 0.28125 0.1875 0.15625
v 0.28125 0.1875 -0.09375
v -0.03125 0.4375 -0.09375
v -0.03125 0.4375 0.15625
v -0.03125 0.1875 -0.09375
v -0.03125 0.1875 0.15625
vt 0.90625 0.28125
vt 0.78125 0.28125
vt 0.78125 0.40625
vt 0.90625 0.40625
vt 0.78125 0.34375
vt 0.90625 0.34375
vt 0.90625 0.46875
vt 0.78125 0.46875
vt 0.875 0.28125
vt 1 0.28125
vt 1 0.40625
vt 0.875 0.40625
vt 0.875 0.28125
vt 1 0.28125
vt 1 0.40625
vt 0.875 0.40625
vt 0.59375 0.375
vt 0.75 0.375
vt 0.75 0.25
vt 0.59375 0.25
vt 0.59375 0.40625
vt 0.75 0.40625
vt 0.75 0.28125
vt 0.59375 0.28125
vn 0 0 -1
vn 1 0 0
vn 0 0 1
vn -1 0 0
vn 0 1 0
vn 0 -1 0
usemtl body
f 708/1824/456 711/1823/456 709/1822/456 706/1821/456
f 707/1828/457 708/1827/457 706/1826/457 705/1825/457
f 712/1832/458 707/1831/458 705/1830/458 710/1829/458
f 711/1836/459 712/1835/459 710/1834/459 709/1833/459
f 710/1840/460 705/1839/460 706/1838/460 709/1837/460
f 711/1844/461 708/1843/461 707/1842/461 712/1841/461
o leggings_right_leg_lower_plate3
v 0.2184375 0.4375 -0.09375
v 0.2184375 0.4375 -0.15625
v 0.2184375 0.3125 -0.09375
v 0.2184375 0.3125 -0.15625
v 0.030937500000000007 0.4375 -0.15625
v 0.030937500000000007 0.4375 -0.09375
v 0.030937500000000007 0.3125 -0.15625
v 0.030937500000000007 0.3125 -0.09375
vt 0.78125 0.625
vt 0.875 0.625
vt 0.875 0.5625
vt 0.78125 0.5625
vt 0.84375 0.625
vt 0.875 0.625
vt 0.875 0.5625
vt 0.84375 0.5625
vt 0.78125 0.625
vt 0.8125 0.625
vt 0.8125 0.5625
vt 0.78125 0.5625
vt 0.78125 0.625
vt 0.875 0.625
vt 0.875 0.59375
vt 0.78125 0.59375
vt 0.78125 0.5625
vt 0.875 0.5625
vt 0.875 0.53125
vt 0.78125 0.53125
vn 0 0 -1
vn 1 0 0
vn -1 0 0
vn 0 1 0
vn 0 -1 0
usemtl body
f 716/1848/462 719/1847/462 717/1846/462 714/1845/462
f 715/1852/463 716/1851/463 714/1850/463 713/1849/463
f 719/1856/464 720/1855/464 718/1854/464 717/1853/464
f 718/1860/465 713/1859/465 714/1858/465 717/1857/465
f 719/1864/466 716/1863/466 715/1862/466 720/1861/466
o leggings_right_leg_upper_plate1
v 0.28125 0.75 0.15625
v 0.28125 0.75 -0.15625
v 0.28125 0.5 0.15625
v 0.28125 0.5 -0.15625
v 0.15625 0.75 -0.15625
v 0.15625 0.75 0.15625
v 0.15625 0.5 -0.15625
v 0.15625 0.5 0.15625
vt 0.875 0.40625
vt 0.8125 0.40625
vt 0.8125 0.28125
vt 0.875 0.28125
vt 1 0.28125
vt 0.84375 0.28125
vt 0.84375 0.40625
vt 1 0.40625
vt 0.90625 0.28125
vt 0.96875 0.28125
vt 0.96875 0.40625
vt 0.90625 0.40625
vt 1 0.40625
vt 0.84375 0.40625
vt 0.84375 0.28125
vt 1 0.28125
vt 0.84375 0.3125
vt 0.84375 0.375
vt 1 0.375
vt 1 0.3125
vt 0.875 0.375
vt 0.875 0.3125
vt 1 0.3125
vt 1 0.375
vn 0 0 -1
vn 1 0 0
vn 0 0 1
vn -1 0 0
vn 0 1 0
vn 0 -1 0
usemtl body
f 724/1868/467 727/1867/467 725/1866/467 722/1865/467
f 723/1872/468 724/1871/468 722/1870/468 721/1869/468
f 728/1876/469 723/1875/469 721/1874/469 726/1873/469
f 727/1880/470 728/1879/470 726/1878/470 725/1877/470
f 726/1884/471 721/1883/471 722/1882/471 725/1881/471
f 727/1888/472 724/1887/472 723/1886/472 728/1885/472
o leggings_right_leg_upper_plate2
v 0.15625 0.75 0.09375
v 0.15625 0.75 -0.15625
v 0.15625 0.625 0.09375
v 0.15625 0.625 -0.15625
v 0.09375 0.75 -0.15625
v 0.09375 0.75 0.09375
v 0.09375 0.625 -0.15625
v 0.09375 0.625 0.09375
vt 0.78125 0.40625
vt 0.8125 0.40625
vt 0.8125 0.34375
vt 0.78125 0.34375
vt 0.78125 0.40625
vt 0.90625 0.40625
vt 0.90625 0.34375
vt 0.78125 0.34375
vt 0.78125 0.40625
vt 0.8125 0.40625
vt 0.8125 0.34375
vt 0.78125 0.34375
vt 0.78125 0.375
vt 0.90625 0.375
vt 0.90625 0.4375
vt 0.78125 0.4375
vt 0.8125 0.4375
vt 0.8125 0.46875
vt 0.9375 0.46875
vt 0.9375 0.4375
vt 0.78125 0.375
vt 0.78125 0.40625
vt 0.90625 0.40625
vt 0.90625 0.375
vn 0 0 -1
vn 1 0 0
vn 0 0 1
vn -1 0 0
vn 0 1 0
vn 0 -1 0
usemtl body
f 732/1892/473 735/1891/473 733/1890/473 730/1889/473
f 731/1896/474 732/1895/474 730/1894/474 729/1893/474
f 736/1900/475 731/1899/475 729/1898/475 734/1897/475
f 735/1904/476 736/1903/476 734/1902/476 733/1901/476
f 734/1908/477 729/1907/477 730/1906/477 733/1905/477
f 735/1912/478 732/1911/478 731/1910/478 736/1909/478
o leggings_right_leg_led1
v 0.265625 0.40625 -0.078125
v 0.265625 0.40625 -0.140625
v 0.265625 0.34375 -0.078125
v 0.265625 0.34375 -0.140625
v 0.203125 0.40625 -0.140625
v 0.203125 0.40625 -0.078125
v 0.203125 0.34375 -0.140625
v 0.203125 0.34375 -0.078125
vt 0 0.9375
vt 0.0625 0.9375
vt 0.0625 1
vt 0 1
vt 0 0.9375
vt 0.0625 0.9375
vt 0.0625 1
vt 0 1
vt 0 0.9375
vt 0.0625 0.9375
vt 0.0625 1
vt 0 1
vt 0 0.9375
vt 0.0625 0.9375
vt 0.0625 1
vt 0 1
vn 0 0 -1
vn 1 0 0
vn 0 1 0
vn 0 -1 0
usemtl body_led
f 740/1916/479 743/1915/479 741/1914/479 738/1913/479
f 739/1920/480 740/1919/480 738/1918/480 737/1917/480
f 742/1924/481 737/1923/481 738/1922/481 741/1921/481
f 743/1928/482 740/1927/482 739/1926/482 744/1925/482
o leggings_right_leg_exo_frame1
v 0.1875 0.9068331346374712 0.16960597901980934
v 0.1875 0.9013859007157425 0.10734381038907523
v 0.1875 0.3464736169608643 0.21863108431536704
v 0.1875 0.3410263830391357 0.15636891568463296
v 0.0625 0.9013859007157425 0.10734381038907523
v 0.0625 0.9068331346374712 0.16960597901980934
v 0.0625 0.3410263830391357 0.15636891568463296
v 0.0625 0.3464736169608643 0.21863108431536704
vt 1 1
vt 0.9375 1
vt 0.9375 0.71875
vt 1 0.71875
vt 1 1
vt 0.96875 1
vt 0.96875 0.71875
vt 1 0.71875
vt 0.9375 1
vt 1 1
vt 1 0.71875
vt 0.9375 0.71875
vt 0.9375 1
vt 0.96875 1
vt 0.96875 0.71875
vt 0.9375 0.71875
vt 1 1
vt 0.9375 1
vt 0.9375 0.96875
vt 1 0.96875
vn 0 -0.08715574274765818 -0.9961946980917455
vn 1 0 0
vn 0 0.08715574274765818 0.9961946980917455
vn -1 0 0
vn 0 0.9961946980917455 -0.08715574274765818
usemtl exoskeleton
f 748/1932/483 751/1931/483 749/1930/483 746/1929/483
f 747/1936/484 748/1935/484 746/1934/484 745/1933/484
f 752/1940/485 747/1939/485 745/1938/485 750/1937/485
f 751/1944/486 752/1943/486 750/1942/486 749/1941/486
f 750/1948/487 745/1947/487 746/1946/487 749/1945/487
o leggings_right_leg_exo_joint
v 0.21875 0.40625 0.25
v 0.21875 0.40625 0.125
v 0.21875 0.28125 0.25
v 0.21875 0.28125 0.125
v 0.03125 0.40625 0.125
v 0.03125 0.40625 0.25
v 0.03125 0.28125 0.125
v 0.03125 0.28125 0.25
vt 0.90625 0.71875
vt 0.96875 0.71875
vt 0.96875 0.65625
vt 0.90625 0.65625
vt 0.90625 0.71875
vt 1 0.71875
vt 1 0.65625
vt 0.90625 0.65625
vt 0.9375 0.71875
vt 1 0.71875
vt 1 0.65625
vt 0.9375 0.65625
vt 0.90625 0.71875
vt 1 0.71875
vt 1 0.65625
vt 0.90625 0.65625
vt 0.90625 0.71875
vt 1 0.71875
vt 1 0.65625
vt 0.90625 0.65625
vn 1 0 0
vn 0 0 1
vn -1 0 0
vn 0 1 0
vn 0 -1 0
usemtl exoskeleton
f 755/1952/488 756/1951/488 754/1950/488 753/1949/488
f 760/1956/489 755/1955/489 753/1954/489 758/1953/489
f 759/1960/490 760/1959/490 758/1958/490 757/1957/490
f 758/1964/491 753/1963/491 754/1962/491 757/1961/491
f 759/1968/492 756/1967/492 755/1966/492 760/1965/492
o leggings_right_leg_exo_brace3
v 0.28598952850435827 0.8166601204249587 0.09378556775061606
v 0.2874138016594638 0.800380603768684 -0.09300093814158636
v 0.31854856181690766 0.4445086667351699 0.12646897128098786
v 0.3199728349720132 0.42822915007889517 -0.06031753461121456
v 0.22515163302872968 0.7949333698469554 -0.09300093814158636
v 0.22372735987362416 0.8112128865032301 0.09378556775061606
v 0.2577106663412791 0.42278191615716654 -0.06031753461121456
v 0.2562863931861736 0.4390614328134413 0.12646897128098786
vt 0.46875 0.3125
vt 0.5 0.3125
vt 0.5 0.125
vt 0.46875 0.125
vt 0.40625 0.3125
vt 0.5 0.3125
vt 0.5 0.125
vt 0.40625 0.125
vt 0.40625 0.3125
vt 0.4375 0.3125
vt 0.4375 0.125
vt 0.40625 0.125
vt 0.40625 0.3125
vt 0.5 0.3125
vt 0.5 0.125
vt 0.40625 0.125
vt 0.40625 0.3125
vt 0.5 0.3125
vt 0.5 0.28125
vt 0.40625 0.28125
vt 0.40625 0.15625
vt 0.5 0.15625
vt 0.5 0.125
vt 0.40625 0.125
vn 0.007596123493895972 -0.08682408883346518 -0.9961946980917455
vn 0.9961946980917455 0.0871557427476582 -1.734723475976807e-18
vn -0.007596123493895972 0.08682408883346518 0.9961946980917455
vn -0.9961946980917455 -0.0871557427476582 1.734723475976807e-18
vn -0.08682408883346518 0.9924038765061041 -0.0871557427476582
vn 0.08682408883346518 -0.9924038765061041 0.0871557427476582
usemtl exoskeleton
f 764/1972/493 767/1971/493 765/1970/493 762/1969/493
f 763/1976/494 764/1975/494 762/1974/494 761/1973/494
f 768/1980/495 763/1979/495 761/1978/495 766/1977/495
f 767/1984/496 768/1983/496 766/1982/496 765/1981/496
f 766/1988/497 761/1987/497 762/1986/497 765/1985/497
f 767/1992/498 764/1991/498 763/1990/498 768/1989/498
o leggings_right_leg_exo_brace2
v 0.3125 0.4360730117844045 0.1875
v 0.3125 0.4360730117844045 0
v 0.3125 0.3110730117844046 0.1875
v 0.3125 0.3110730117844046 0
v 0.125 0.4360730117844045 0
v 0.125 0.4360730117844045 0.1875
v 0.125 0.3110730117844046 0
v 0.125 0.3110730117844046 0.1875
vt 0.90625 0.1875
vt 1 0.1875
vt 1 0.125
vt 0.90625 0.125
vt 0.90625 0.1875
vt 1 0.1875
vt 1 0.125
vt 0.90625 0.125
vt 0.90625 0.1875
vt 1 0.1875
vt 1 0.125
vt 0.90625 0.125
vt 0.90625 0.3125
vt 1 0.3125
vt 1 0.21875
vt 0.90625 0.21875
vt 0.90625 0.3125
vt 1 0.3125
vt 1 0.21875
vt 0.90625 0.21875
vn 0 0 -1
vn 1 0 0
vn 0 0 1
vn 0 1 0
vn 0 -1 0
usemtl exoskeleton
f 772/1996/499 775/1995/499 773/1994/499 770/1993/499
f 771/2000/500 772/1999/500 770/1998/500 769/1997/500
f 776/2004/501 771/2003/501 769/2002/501 774/2001/501
f 774/2008/502 769/2007/502 770/2006/502 773/2005/502
f 775/2012/503 772/2011/503 771/2010/503 776/2009/503
o leggings_right_leg_led2
v 0.03125 0.40625 -0.078125
v 0.03125 0.40625 -0.140625
v 0.03125 0.34375 -0.078125
v 0.03125 0.34375 -0.140625
v 0 0.40625 -0.140625
v 0 0.40625 -0.078125
v 0 0.34375 -0.140625
v 0 0.34375 -0.078125
vt 0 0.9375
vt 0.03125 0.9375
vt 0.03125 1
vt 0 1
vt 0 0.9375
vt 0.0625 0.9375
vt 0.0625 1
vt 0 1
vt 0 0.9375
vt 0.03125 0.9375
vt 0.03125 1
vt 0 1
vt 0 0.9375
vt 0.03125 0.9375
vt 0.03125 1
vt 0 1
vn 0 0 -1
vn -1 0 0
vn 0 1 0
vn 0 -1 0
usemtl body_led
f 780/2016/504 783/2015/504 781/2014/504 778/2013/504
f 783/2020/505 784/2019/505 782/2018/505 781/2017/505
f 782/2024/506 777/2023/506 778/2022/506 781/2021/506
f 783/2028/507 780/2027/507 779/2026/507 784/2025/507
o boots_right_leg_shin_plate
v 0.21875 0.32760902868703545 -0.054990838755521604
v 0.21875 0.30590300647866914 -0.1780918078820476
v 0.21875 0.08140709043398343 -0.011578794338789028
v 0.21875 0.05970106822561713 -0.13467976346531502
v 0.03125 0.30590300647866914 -0.1780918078820476
v 0.03125 0.32760902868703545 -0.054990838755521604
v 0.03125 0.05970106822561713 -0.13467976346531502
v 0.03125 0.08140709043398343 -0.011578794338789028
vt 0.90625 0.625
vt 1 0.625
vt 1 0.5
vt 0.90625 0.5
vt 0.875 0.625
vt 0.9375 0.625
vt 0.9375 0.5
vt 0.875 0.5
vt 0.9375 0.625
vt 0.875 0.625
vt 0.875 0.5
vt 0.9375 0.5
vt 0.90625 0.65625
vt 1 0.65625
vt 1 0.59375
vt 0.90625 0.59375
vt 0.90625 0.53125
vt 1 0.53125
vt 1 0.46875
vt 0.90625 0.46875
vn 0 -0.17364817766693033 -0.984807753012208
vn 1 0 0
vn -1 0 0
vn 0 0.984807753012208 -0.17364817766693033
vn 0 -0.984807753012208 0.17364817766693033
usemtl body
f 788/2032/508 791/2031/508 789/2030/508 786/2029/508
f 787/2036/509 788/2035/509 786/2034/509 785/2033/509
f 791/2040/510 792/2039/510 790/2038/510 789/2037/510
f 790/2044/511 785/2043/511 786/2042/511 789/2041/511
f 791/2048/512 788/2047/512 787/2046/512 792/2045/512
o boots_right_leg_plate1
v 0.2815625 0.12879126073623884 -0.1654029130879204
v 0.2815625 0.08459708691207961 -0.20959708691207962
v 0.2815625 0.0404029130879204 -0.07701456543960195
v 0.2815625 -0.0037912607362388245 -0.12120873926376116
v 0.03156249999999999 0.08459708691207961 -0.20959708691207962
v 0.03156249999999999 0.12879126073623884 -0.1654029130879204
v 0.03156249999999999 -0.0037912607362388245 -0.12120873926376116
v 0.03156249999999999 0.0404029130879204 -0.07701456543960195
vt 0.9375 0.96875
vt 0.96875 0.96875
vt 0.96875 0.9375
vt 0.9375 0.9375
vt 0.9375 0.96875
vt 0.96875 0.96875
vt 0.96875 0.9375
vt 0.9375 0.9375
vt 0.9375 0.96875
vt 0.96875 0.96875
vt 0.96875 0.9375
vt 0.9375 0.9375
vt 0.9375 0.96875
vt 0.96875 0.96875
vt 0.96875 0.9375
vt 0.9375 0.9375
vt 0.9375 0.96875
vt 0.96875 0.96875
vt 0.96875 0.9375
vt 0.9375 0.9375
vn 0 -0.7071067811865476 -0.7071067811865475
vn 1 0 0
vn 0 0.7071067811865476 0.7071067811865475
vn -1 0 0
vn 0 0.7071067811865475 -0.7071067811865476
usemtl body
f 796/2052/513 799/2051/513 797/2050/513 794/2049/513
f 795/2056/514 796/2055/514 794/2054/514 793/2053/514
f 800/2060/515 795/2059/515 793/2058/515 798/2057/515
f 799/2064/516 800/2063/516 798/2062/516 797/2061/516
f 798/2068/517 793/2067/517 794/2066/517 797/2065/517
o boots_right_leg_plate2
v 0.2815625 0.15625 0
v 0.2815625 0.15625 -0.125
v 0.2815625 0.09375 0
v 0.2815625 0.09375 -0.125
v 0.03156249999999999 0.15625 -0.125
v 0.03156249999999999 0.15625 0
v 0.03156249999999999 0.09375 -0.125
v 0.03156249999999999 0.09375 0
vt 0.78125 0.4375
vt 0.84375 0.4375
vt 0.84375 0.40625
vt 0.78125 0.40625
vt 0.78125 0.4375
vt 0.84375 0.4375
vt 0.84375 0.40625
vt 0.78125 0.40625
vt 0.78125 0.40625
vt 0.90625 0.40625
vt 0.90625 0.46875
vt 0.78125 0.46875
vt 0.78125 0.4375
vt 0.84375 0.4375
vt 0.84375 0.40625
vt 0.78125 0.40625
vn 0 0 -1
vn 1 0 0
vn 0 1 0
vn 0 -1 0
usemtl body
f 804/2072/518 807/2071/518 805/2070/518 802/2069/518
f 803/2076/519 804/2075/519 802/2074/519 801/2073/519
f 806/2080/520 801/2079/520 802/2078/520 805/2077/520
f 807/2084/521 804/2083/521 803/2082/521 808/2081/521
o boots_right_leg_plate3
v 0.25 0.0625 -0.15625
v 0.25 0.0625 -0.21875
v 0.25 0 -0.15625
v 0.25 0 -0.21875
v 0.0625 0.0625 -0.21875
v 0.0625 0.0625 -0.15625
v 0.0625 0 -0.21875
v 0.0625 0 -0.15625
vt 0.90625 0.625
vt 1 0.625
vt 1 0.59375
vt 0.90625 0.59375
vt 0.90625 0.625
vt 1 0.625
vt 1 0.59375
vt 0.90625 0.59375
vt 0.90625 0.625
vt 1 0.625
vt 1 0.59375
vt 0.90625 0.59375
vt 0.90625 0.625
vt 1 0.625
vt 1 0.59375
vt 0.90625 0.59375
vt 0.90625 0.625
vt 1 0.625
vt 1 0.59375
vt 0.90625 0.59375
vn 0 0 -1
vn 1 0 0
vn -1 0 0
vn 0 1 0
vn 0 -1 0
usemtl body
f 812/2088/522 815/2087/522 813/2086/522 810/2085/522
f 811/2092/523 812/2091/523 810/2090/523 809/2089/523
f 815/2096/524 816/2095/524 814/2094/524 813/2093/524
f 814/2100/525 809/2099/525 810/2098/525 813/2097/525
f 815/2104/526 812/2103/526 811/2102/526 816/2101/526
o shared_boots_leggings_right_leg_exo_frame
v 0.1875 0.3410263830391357 0.21863108431536704
v 0.1875 0.35192085088259295 0.09410674705389885
v 0.1875 -0.032546628745268924 0.18594768078499524
v 0.1875 -0.021652160901811657 0.06142334352352702
v 0.0625 0.35192085088259295 0.09410674705389885
v 0.0625 0.3410263830391357 0.21863108431536704
v 0.0625 -0.021652160901811657 0.06142334352352702
v 0.0625 -0.032546628745268924 0.18594768078499524
vt 1 1
vt 0.9375 1
vt 0.9375 0.8125
vt 1 0.8125
vt 1 1
vt 0.96875 1
vt 0.96875 0.8125
vt 1 0.8125
vt 0.9375 1
vt 1 1
vt 1 0.8125
vt 0.9375 0.8125
vt 0.96875 1
vt 0.9375 1
vt 0.9375 0.8125
vt 0.96875 0.8125
vt 0.9375 0.75
vt 1 0.75
vt 1 0.71875
vt 0.9375 0.71875
vt 0.9375 0.8125
vt 1 0.8125
vt 1 0.78125
vt 0.9375 0.78125
vn 0 0.08715574274765818 -0.9961946980917455
vn 1 0 0
vn 0 -0.08715574274765818 0.9961946980917455
vn -1 0 0
vn 0 0.9961946980917455 0.08715574274765818
vn 0 -0.9961946980917455 -0.08715574274765818
usemtl exoskeleton
f 820/2108/527 823/2107/527 821/2106/527 818/2105/527
f 819/2112/528 820/2111/528 818/2110/528 817/2109/528
f 824/2116/529 819/2115/529 817/2114/529 822/2113/529
f 823/2120/530 824/2119/530 822/2118/530 821/2117/530
f 822/2124/531 817/2123/531 818/2122/531 821/2121/531
f 823/2128/532 820/2127/532 819/2126/532 824/2125/532
o boots_right_leg_base1
v 0.249375 0.09325 0.184375
v 0.249375 0.09325 -0.128125
v 0.249375 -0.031749999999999945 0.184375
v 0.249375 -0.031749999999999945 -0.128125
v -0.0006249999999999867 0.09325 -0.128125
v -0.0006249999999999867 0.09325 0.184375
v -0.0006249999999999867 -0.031749999999999945 -0.128125
v -0.0006249999999999867 -0.031749999999999945 0.184375
vt 0.21875 0.75
vt 0.34375 0.75
vt 0.34375 0.6875
vt 0.21875 0.6875
vt 0.21875 0.75
vt 0.375 0.75
vt 0.375 0.6875
vt 0.21875 0.6875
vt 0.21875 0.75
vt 0.34375 0.75
vt 0.34375 0.6875
vt 0.21875 0.6875
vt 0.21875 0.75
vt 0.375 0.75
vt 0.375 0.6875
vt 0.21875 0.6875
vt 0.75 0.875
vt 0.875 0.875
vt 0.875 0.71875
vt 0.75 0.71875
vt 0.75 0.875
vt 0.875 0.875
vt 0.875 0.71875
vt 0.75 0.71875
vn 0 0 -1
vn 1 0 0
vn 0 0 1
vn -1 0 0
vn 0 1 0
vn 0 -1 0
usemtl exoskeleton
f 828/2132/533 831/2131/533 829/2130/533 826/2129/533
f 827/2136/534 828/2135/534 826/2134/534 825/2133/534
f 832/2140/535 827/2139/535 825/2138/535 830/2137/535
f 831/2144/536 832/2143/536 830/2142/536 829/2141/536
f 830/2148/537 825/2147/537 826/2146/537 829/2145/537
f 831/2152/538 828/2151/538 827/2150/538 832/2149/538
o excl_boots_right_leg_shin_plate
v 0.250625 0.34375 0.125625
v 0.250625 0.34375 -0.125625
v 0.250625 0.09375 0.125625
v 0.250625 0.09375 -0.125625
v -0.0006250000000000006 0.34375 -0.125625
v -0.0006250000000000006 0.34375 0.125625
v -0.0006250000000000006 0.09375 -0.125625
v -0.0006250000000000006 0.09375 0.125625
vt 0.78125 0.40625
vt 0.90625 0.40625
vt 0.90625 0.28125
vt 0.78125 0.28125
vt 0.90625 0.40625
vt 0.78125 0.40625
vt 0.78125 0.28125
vt 0.90625 0.28125
vt 0.90625 0.40625
vt 0.78125 0.40625
vt 0.78125 0.28125
vt 0.90625 0.28125
vt 0.78125 0.40625
vt 0.90625 0.40625
vt 0.90625 0.28125
vt 0.78125 0.28125
vt 0.90625 0.40625
vt 0.78125 0.40625
vt 0.78125 0.28125
vt 0.90625 0.28125
vt 0.78125 0.40625
vt 0.90625 0.40625
vt 0.90625 0.28125
vt 0.78125 0.28125
vn 0 0 -1
vn 1 0 0
vn 0 0 1
vn -1 0 0
vn 0 1 0
vn 0 -1 0
usemtl body
f 836/2156/539 839/2155/539 837/2154/539 834/2153/539
f 835/2160/540 836/2159/540 834/2158/540 833/2157/540
f 840/2164/541 835/2163/541 833/2162/541 838/2161/541
f 839/2168/542 840/2167/542 838/2166/542 837/2165/542
f 838/2172/543 833/2171/543 834/2170/543 837/2169/543
f 839/2176/544 836/2175/544 835/2174/544 840/2173/544
o shared_boots_leggings_right_leg_exo_plate
v 0.3125 0.2947313100192187 0.1867865058922023
v 0.3125 0.3110730117844046 -3.469446951953614e-18
v 0.3125 -0.016579533134451818 0.15955033628355914
v 0.3125 -0.0002378313692658618 -0.027236169608643182
v 0.125 0.3110730117844046 -3.469446951953614e-18
v 0.125 0.2947313100192187 0.1867865058922023
v 0.125 -0.0002378313692658618 -0.027236169608643182
v 0.125 -0.016579533134451818 0.15955033628355914
vt 0.65625 0.3125
vt 0.75 0.3125
vt 0.75 0.15625
vt 0.65625 0.15625
vt 0.875 0.3125
vt 0.78125 0.3125
vt 0.78125 0.125
vt 0.875 0.125
vt 0.53125 0.3125
vt 0.625 0.3125
vt 0.625 0.15625
vt 0.53125 0.15625
vt 0.78125 0.21875
vt 0.875 0.21875
vt 0.875 0.125
vt 0.78125 0.125
vt 0.78125 0.3125
vt 0.875 0.3125
vt 0.875 0.125
vt 0.78125 0.125
vn 0 0.08715574274765818 -0.9961946980917455
vn 1 0 0
vn 0 -0.08715574274765818 0.9961946980917455
vn 0 0.9961946980917455 0.08715574274765818
vn 0 -0.9961946980917455 -0.08715574274765818
usemtl exoskeleton
f 844/2180/545 847/2179/545 845/2178/545 842/2177/545
f 843/2184/546 844/2183/546 842/2182/546 841/2181/546
f 848/2188/547 843/2187/547 841/2186/547 846/2185/547
f 846/2192/548 841/2191/548 842/2190/548 845/2189/548
f 847/2196/549 844/2195/549 843/2194/549 848/2193/549
o boots_right_leg_base2
v 0.313125 0.030937500000000007 0.1875
v 0.313125 0.030937500000000007 -0.1875
v 0.313125 -0.03156250000000005 0.1875
v 0.313125 -0.03156250000000005 -0.1875
v 0.06312499999999999 0.030937500000000007 -0.1875
v 0.06312499999999999 0.030937500000000007 0.1875
v 0.06312499999999999 -0.03156250000000005 -0.1875
v 0.06312499999999999 -0.03156250000000005 0.1875
vt 0.65625 0.125
vt 0.78125 0.125
vt 0.78125 0.09375
vt 0.65625 0.09375
vt 0.625 0.125
vt 0.8125 0.125
vt 0.8125 0.09375
vt 0.625 0.09375
vt 0.625 0.34375
vt 0.75 0.34375
vt 0.75 0.3125
vt 0.625 0.3125
vt 0.625 0.125
vt 0.8125 0.125
vt 0.8125 0.09375
vt 0.625 0.09375
vt 0.65625 0.3125
vt 0.78125 0.3125
vt 0.78125 0.125
vt 0.65625 0.125
vt 0.65625 0.3125
vt 0.78125 0.3125
vt 0.78125 0.125
vt 0.65625 0.125
vn 0 0 -1
vn 1 0 0
vn 0 0 1
vn -1 0 0
vn 0 1 0
vn 0 -1 0
usemtl exoskeleton
f 852/2200/550 855/2199/550 853/2198/550 850/2197/550
f 851/2204/551 852/2203/551 850/2202/551 849/2201/551
f 856/2208/552 851/2207/552 849/2206/552 854/2205/552
f 855/2212/553 856/2211/553 854/2210/553 853/2209/553
f 854/2216/554 849/2215/554 850/2214/554 853/2213/554
f 855/2220/555 852/2219/555 851/2218/555 856/2217/555
o leggings_left_leg_exo_frame1
v -0.0625 0.9068331346374712 0.16960597901980934
v -0.0625 0.9013859007157425 0.10734381038907523
v -0.0625 0.3464736169608643 0.21863108431536704
v -0.0625 0.3410263830391357 0.15636891568463296
v -0.1875 0.9013859007157425 0.10734381038907523
v -0.1875 0.9068331346374712 0.16960597901980934
v -0.1875 0.3410263830391357 0.15636891568463296
v -0.1875 0.3464736169608643 0.21863108431536704
vt 0.9375 1
vt 1 1
vt 1 0.71875
vt 0.9375 0.71875
vt 0.96875 1
vt 0.9375 1
vt 0.9375 0.71875
vt 0.96875 0.71875
vt 1 1
vt 0.9375 1
vt 0.9375 0.71875
vt 1 0.71875
vt 0.96875 1
vt 1 1
vt 1 0.71875
vt 0.96875 0.71875
vt 1 1
vt 0.9375 1
vt 0.9375 0.96875
vt 1 0.96875
vn 0 -0.08715574274765818 -0.9961946980917455
vn 1 0 0
vn 0 0.08715574274765818 0.9961946980917455
vn -1 0 0
vn 0 0.9961946980917455 -0.08715574274765818
usemtl exoskeleton
f 860/2224/556 863/2223/556 861/2222/556 858/2221/556
f 859/2228/557 860/2227/557 858/2226/557 857/2225/557
f 864/2232/558 859/2231/558 857/2230/558 862/2229/558
f 863/2236/559 864/2235/559 862/2234/559 861/2233/559
f 862/2240/560 857/2239/560 858/2238/560 861/2237/560
o leggings_left_leg_exo_joint
v -0.03125 0.40625 0.25
v -0.03125 0.40625 0.125
v -0.03125 0.28125 0.25
v -0.03125 0.28125 0.125
v -0.21875 0.40625 0.125
v -0.21875 0.40625 0.25
v -0.21875 0.28125 0.125
v -0.21875 0.28125 0.25
vt 0.90625 0.71875
vt 0.96875 0.71875
vt 0.96875 0.65625
vt 0.90625 0.65625
vt 0.90625 0.71875
vt 1 0.71875
vt 1 0.65625
vt 0.90625 0.65625
vt 0.9375 0.71875
vt 1 0.71875
vt 1 0.65625
vt 0.9375 0.65625
vt 0.90625 0.71875
vt 1 0.71875
vt 1 0.65625
vt 0.90625 0.65625
vt 0.90625 0.71875
vt 1 0.71875
vt 1 0.65625
vt 0.90625 0.65625
vn 1 0 0
vn 0 0 1
vn -1 0 0
vn 0 1 0
vn 0 -1 0
usemtl exoskeleton
f 867/2244/561 868/2243/561 866/2242/561 865/2241/561
f 872/2248/562 867/2247/562 865/2246/562 870/2245/562
f 871/2252/563 872/2251/563 870/2250/563 869/2249/563
f 870/2256/564 865/2255/564 866/2254/564 869/2253/564
f 871/2260/565 868/2259/565 867/2258/565 872/2257/565
o leggings_left_leg_exo_brace2
v -0.125 0.4360730117844045 0.1875
v -0.125 0.4360730117844045 0
v -0.125 0.3110730117844046 0.1875
v -0.125 0.3110730117844046 0
v -0.3125 0.4360730117844045 0
v -0.3125 0.4360730117844045 0.1875
v -0.3125 0.3110730117844046 0
v -0.3125 0.3110730117844046 0.1875
vt 0.90625 0.1875
vt 1 0.1875
vt 1 0.125
vt 0.90625 0.125
vt 0.90625 0.1875
vt 1 0.1875
vt 1 0.125
vt 0.90625 0.125
vt 0.90625 0.1875
vt 1 0.1875
vt 1 0.125
vt 0.90625 0.125
vt 0.90625 0.3125
vt 1 0.3125
vt 1 0.21875
vt 0.90625 0.21875
vt 0.90625 0.3125
vt 1 0.3125
vt 1 0.21875
vt 0.90625 0.21875
vn 0 0 -1
vn 0 0 1
vn -1 0 0
vn 0 1 0
vn 0 -1 0
usemtl exoskeleton
f 876/2264/566 879/2263/566 877/2262/566 874/2261/566
f 880/2268/567 875/2267/567 873/2266/567 878/2265/567
f 879/2272/568 880/2271/568 878/2270/568 877/2269/568
f 878/2276/569 873/2275/569 874/2274/569 877/2273/569
f 879/2280/570 876/2279/570 875/2278/570 880/2277/570
o leggings_left_leg_exo_brace3
v -0.22372735987362416 0.8112128865032301 0.09378556775061608
v -0.22515163302872968 0.7949333698469554 -0.09300093814158633
v -0.2562863931861736 0.4390614328134413 0.12646897128098789
v -0.2577106663412791 0.42278191615716654 -0.06031753461121453
v -0.2874138016594638 0.800380603768684 -0.09300093814158633
v -0.28598952850435827 0.8166601204249587 0.09378556775061608
v -0.3199728349720132 0.42822915007889517 -0.06031753461121453
v -0.31854856181690766 0.4445086667351699 0.12646897128098789
vt 0.46875 0.3125
vt 0.5 0.3125
vt 0.5 0.125
vt 0.46875 0.125
vt 0.40625 0.3125
vt 0.5 0.3125
vt 0.5 0.125
vt 0.40625 0.125
vt 0.40625 0.3125
vt 0.4375 0.3125
vt 0.4375 0.125
vt 0.40625 0.125
vt 0.40625 0.3125
vt 0.5 0.3125
vt 0.5 0.125
vt 0.40625 0.125
vt 0.40625 0.3125
vt 0.5 0.3125
vt 0.5 0.28125
vt 0.40625 0.28125
vt 0.40625 0.15625
vt 0.5 0.15625
vt 0.5 0.125
vt 0.40625 0.125
vn -0.007596123493895972 -0.08682408883346518 -0.9961946980917455
vn 0.9961946980917455 -0.0871557427476582 1.734723475976807e-18
vn 0.007596123493895972 0.08682408883346518 0.9961946980917455
vn -0.9961946980917455 0.0871557427476582 -1.734723475976807e-18
vn 0.08682408883346518 0.9924038765061041 -0.0871557427476582
vn -0.08682408883346518 -0.9924038765061041 0.0871557427476582
usemtl exoskeleton
f 884/2284/571 887/2283/571 885/2282/571 882/2281/571
f 883/2288/572 884/2287/572 882/2286/572 881/2285/572
f 888/2292/573 883/2291/573 881/2290/573 886/2289/573
f 887/2296/574 888/2295/574 886/2294/574 885/2293/574
f 886/2300/575 881/2299/575 882/2298/575 885/2297/575
f 887/2304/576 884/2303/576 883/2302/576 888/2301/576
o leggings_left_leg_lower_plate3
v -0.03156249999999999 0.4375 -0.09375
v -0.03156249999999999 0.4375 -0.15625
v -0.03156249999999999 0.3125 -0.09375
v -0.03156249999999999 0.3125 -0.15625
v -0.2190625 0.4375 -0.15625
v -0.2190625 0.4375 -0.09375
v -0.2190625 0.3125 -0.15625
v -0.2190625 0.3125 -0.09375
vt 0.78125 0.625
vt 0.875 0.625
vt 0.875 0.5625
vt 0.78125 0.5625
vt 0.84375 0.625
vt 0.875 0.625
vt 0.875 0.5625
vt 0.84375 0.5625
vt 0.78125 0.625
vt 0.8125 0.625
vt 0.8125 0.5625
vt 0.78125 0.5625
vt 0.78125 0.625
vt 0.875 0.625
vt 0.875 0.59375
vt 0.78125 0.59375
vt 0.78125 0.5625
vt 0.875 0.5625
vt 0.875 0.53125
vt 0.78125 0.53125
vn 0 0 -1
vn 1 0 0
vn -1 0 0
vn 0 1 0
vn 0 -1 0
usemtl body
f 892/2308/577 895/2307/577 893/2306/577 890/2305/577
f 891/2312/578 892/2311/578 890/2310/578 889/2309/578
f 895/2316/579 896/2315/579 894/2314/579 893/2313/579
f 894/2320/580 889/2319/580 890/2318/580 893/2317/580
f 895/2324/581 892/2323/581 891/2322/581 896/2321/581
o leggings_left_leg_upper_plate1
v -0.15625 0.75 0.15625
v -0.15625 0.75 -0.15625
v -0.15625 0.5 0.15625
v -0.15625 0.5 -0.15625
v -0.28125 0.75 -0.15625
v -0.28125 0.75 0.15625
v -0.28125 0.5 -0.15625
v -0.28125 0.5 0.15625
vt 0.8125 0.40625
vt 0.875 0.40625
vt 0.875 0.28125
vt 0.8125 0.28125
vt 0.84375 0.40625
vt 1 0.40625
vt 1 0.28125
vt 0.84375 0.28125
vt 0.96875 0.28125
vt 0.90625 0.28125
vt 0.90625 0.40625
vt 0.96875 0.40625
vt 0.84375 0.28125
vt 1 0.28125
vt 1 0.40625
vt 0.84375 0.40625
vt 0.84375 0.34375
vt 0.84375 0.40625
vt 1 0.40625
vt 1 0.34375
vt 0.875 0.40625
vt 0.875 0.34375
vt 1 0.34375
vt 1 0.40625
vn 0 0 -1
vn 1 0 0
vn 0 0 1
vn -1 0 0
vn 0 1 0
vn 0 -1 0
usemtl body
f 900/2328/582 903/2327/582 901/2326/582 898/2325/582
f 899/2332/583 900/2331/583 898/2330/583 897/2329/583
f 904/2336/584 899/2335/584 897/2334/584 902/2333/584
f 903/2340/585 904/2339/585 902/2338/585 901/2337/585
f 902/2344/586 897/2343/586 898/2342/586 901/2341/586
f 903/2348/587 900/2347/587 899/2346/587 904/2345/587
o leggings_left_leg_upper_plate2
v -0.09375 0.75 0.09375
v -0.09375 0.75 -0.15625
v -0.09375 0.625 0.09375
v -0.09375 0.625 -0.15625
v -0.15625 0.75 -0.15625
v -0.15625 0.75 0.09375
v -0.15625 0.625 -0.15625
v -0.15625 0.625 0.09375
vt 0.78125 0.40625
vt 0.8125 0.40625
vt 0.8125 0.34375
vt 0.78125 0.34375
vt 0.78125 0.40625
vt 0.90625 0.40625
vt 0.90625 0.34375
vt 0.78125 0.34375
vt 0.78125 0.40625
vt 0.8125 0.40625
vt 0.8125 0.34375
vt 0.78125 0.34375
vt 0.8125 0.4375
vt 0.8125 0.46875
vt 0.9375 0.46875
vt 0.9375 0.4375
vt 0.78125 0.375
vt 0.78125 0.40625
vt 0.90625 0.40625
vt 0.90625 0.375
vn 0 0 -1
vn 1 0 0
vn 0 0 1
vn 0 1 0
vn 0 -1 0
usemtl body
f 908/2352/588 911/2351/588 909/2350/588 906/2349/588
f 907/2356/589 908/2355/589 906/2354/589 905/2353/589
f 912/2360/590 907/2359/590 905/2358/590 910/2357/590
f 910/2364/591 905/2363/591 906/2362/591 909/2361/591
f 911/2368/592 908/2367/592 907/2366/592 912/2365/592
o leggings_left_leg_lower_plate2
v 0.03125 0.4375 0.15625
v 0.03125 0.4375 -0.09375
v 0.03125 0.1875 0.15625
v 0.03125 0.1875 -0.09375
v -0.28125 0.4375 -0.09375
v -0.28125 0.4375 0.15625
v -0.28125 0.1875 -0.09375
v -0.28125 0.1875 0.15625
vt 0.78125 0.28125
vt 0.90625 0.28125
vt 0.90625 0.40625
vt 0.78125 0.40625
vt 0.78125 0.34375
vt 0.90625 0.34375
vt 0.90625 0.46875
vt 0.78125 0.46875
vt 1 0.28125
vt 0.875 0.28125
vt 0.875 0.40625
vt 1 0.40625
vt 0.875 0.28125
vt 1 0.28125
vt 1 0.40625
vt 0.875 0.40625
vt 0.59375 0.375
vt 0.75 0.375
vt 0.75 0.25
vt 0.59375 0.25
vt 0.59375 0.40625
vt 0.75 0.40625
vt 0.75 0.28125
vt 0.59375 0.28125
vn 0 0 -1
vn 1 0 0
vn 0 0 1
vn -1 0 0
vn 0 1 0
vn 0 -1 0
usemtl body
f 916/2372/593 919/2371/593 917/2370/593 914/2369/593
f 915/2376/594 916/2375/594 914/2374/594 913/2373/594
f 920/2380/595 915/2379/595 913/2378/595 918/2377/595
f 919/2384/596 920/2383/596 918/2382/596 917/2381/596
f 918/2388/597 913/2387/597 914/2386/597 917/2385/597
f 919/2392/598 916/2391/598 915/2390/598 920/2389/598
o leggings_left_leg_led1
v -0.203125 0.40625 -0.078125
v -0.203125 0.40625 -0.140625
v -0.203125 0.34375 -0.078125
v -0.203125 0.34375 -0.140625
v -0.265625 0.40625 -0.140625
v -0.265625 0.40625 -0.078125
v -0.265625 0.34375 -0.140625
v -0.265625 0.34375 -0.078125
vt 0 0.9375
vt 0.0625 0.9375
vt 0.0625 1
vt 0 1
vt 0 0.9375
vt 0.0625 0.9375
vt 0.0625 1
vt 0 1
vt 0 0.9375
vt 0.0625 0.9375
vt 0.0625 1
vt 0 1
vt 0 0.9375
vt 0.0625 0.9375
vt 0.0625 1
vt 0 1
vn 0 0 -1
vn -1 0 0
vn 0 1 0
vn 0 -1 0
usemtl body_led
f 924/2396/599 927/2395/599 925/2394/599 922/2393/599
f 927/2400/600 928/2399/600 926/2398/600 925/2397/600
f 926/2404/601 921/2403/601 922/2402/601 925/2401/601
f 927/2408/602 924/2407/602 923/2406/602 928/2405/602
o leggings_left_leg_led2
v 0 0.40625 -0.078125
v 0 0.40625 -0.140625
v 0 0.34375 -0.078125
v 0 0.34375 -0.140625
v -0.03125 0.40625 -0.140625
v -0.03125 0.40625 -0.078125
v -0.03125 0.34375 -0.140625
v -0.03125 0.34375 -0.078125
vt 0 0.9375
vt 0.03125 0.9375
vt 0.03125 1
vt 0 1
vt 0 0.9375
vt 0.0625 0.9375
vt 0.0625 1
vt 0 1
vt 0 0.9375
vt 0.03125 0.9375
vt 0.03125 1
vt 0 1
vt 0 0.9375
vt 0.03125 0.9375
vt 0.03125 1
vt 0 1
vn 0 0 -1
vn 1 0 0
vn 0 1 0
vn 0 -1 0
usemtl body_led
f 932/2412/603 935/2411/603 933/2410/603 930/2409/603
f 931/2416/604 932/2415/604 930/2414/604 929/2413/604
f 934/2420/605 929/2419/605 930/2418/605 933/2417/605
f 935/2424/606 932/2423/606 931/2422/606 936/2421/606
o shared_boots_leggings_left_leg_exo_frame
v -0.0625 0.3410263830391357 0.21863108431536704
v -0.0625 0.35192085088259295 0.09410674705389885
v -0.0625 -0.032546628745268924 0.18594768078499524
v -0.0625 -0.021652160901811657 0.06142334352352702
v -0.1875 0.35192085088259295 0.09410674705389885
v -0.1875 0.3410263830391357 0.21863108431536704
v -0.1875 -0.021652160901811657 0.06142334352352702
v -0.1875 -0.032546628745268924 0.18594768078499524
vt 0.9375 1
vt 1 1
vt 1 0.8125
vt 0.9375 0.8125
vt 0.96875 1
vt 0.9375 1
vt 0.9375 0.8125
vt 0.96875 0.8125
vt 1 1
vt 0.9375 1
vt 0.9375 0.8125
vt 1 0.8125
vt 1 1
vt 0.96875 1
vt 0.96875 0.8125
vt 1 0.8125
vt 1 0.75
vt 0.9375 0.75
vt 0.9375 0.71875
vt 1 0.71875
vt 1 0.8125
vt 0.9375 0.8125
vt 0.9375 0.78125
vt 1 0.78125
vn 0 0.08715574274765818 -0.9961946980917455
vn 1 0 0
vn 0 -0.08715574274765818 0.9961946980917455
vn -1 0 0
vn 0 0.9961946980917455 0.08715574274765818
vn 0 -0.9961946980917455 -0.08715574274765818
usemtl exoskeleton
f 940/2428/607 943/2427/607 941/2426/607 938/2425/607
f 939/2432/608 940/2431/608 938/2430/608 937/2429/608
f 944/2436/609 939/2435/609 937/2434/609 942/2433/609
f 943/2440/610 944/2439/610 942/2438/610 941/2437/610
f 942/2444/611 937/2443/611 938/2442/611 941/2441/611
f 943/2448/612 940/2447/612 939/2446/612 944/2445/612
o shared_boots_leggings_left_leg_exo_plate
v -0.125 0.2947313100192187 0.1867865058922023
v -0.125 0.3110730117844046 -3.469446951953614e-18
v -0.125 -0.016579533134451818 0.15955033628355914
v -0.125 -0.0002378313692658618 -0.027236169608643182
v -0.3125 0.3110730117844046 -3.469446951953614e-18
v -0.3125 0.2947313100192187 0.1867865058922023
v -0.3125 -0.0002378313692658618 -0.027236169608643182
v -0.3125 -0.016579533134451818 0.15955033628355914
vt 0.65625 0.3125
vt 0.75 0.3125
vt 0.75 0.15625
vt 0.65625 0.15625
vt 0.53125 0.3125
vt 0.625 0.3125
vt 0.625 0.15625
vt 0.53125 0.15625
vt 0.78125 0.3125
vt 0.875 0.3125
vt 0.875 0.15625
vt 0.78125 0.15625
vt 0.78125 0.21875
vt 0.875 0.21875
vt 0.875 0.125
vt 0.78125 0.125
vt 0.78125 0.3125
vt 0.875 0.3125
vt 0.875 0.125
vt 0.78125 0.125
vn 0 0.08715574274765818 -0.9961946980917455
vn 0 -0.08715574274765818 0.9961946980917455
vn -1 0 0
vn 0 0.9961946980917455 0.08715574274765818
vn 0 -0.9961946980917455 -0.08715574274765818
usemtl exoskeleton
f 948/2452/613 951/2451/613 949/2450/613 946/2449/613
f 952/2456/614 947/2455/614 945/2454/614 950/2453/614
f 951/2460/615 952/2459/615 950/2458/615 949/2457/615
f 950/2464/616 945/2463/616 946/2462/616 949/2461/616
f 951/2468/617 948/2467/617 947/2466/617 952/2465/617
o boots_left_leg_base2
v -0.06187500000000001 0.030937500000000007 0.1875
v -0.06187500000000001 0.030937500000000007 -0.1875
v -0.06187500000000001 -0.03156250000000005 0.1875
v -0.06187500000000001 -0.03156250000000005 -0.1875
v -0.311875 0.030937500000000007 -0.1875
v -0.311875 0.030937500000000007 0.1875
v -0.311875 -0.03156250000000005 -0.1875
v -0.311875 -0.03156250000000005 0.1875
vt 0.65625 0.125
vt 0.78125 0.125
vt 0.78125 0.09375
vt 0.65625 0.09375
vt 0.625 0.125
vt 0.8125 0.125
vt 0.8125 0.09375
vt 0.625 0.09375
vt 0.625 0.34375
vt 0.75 0.34375
vt 0.75 0.3125
vt 0.625 0.3125
vt 0.625 0.125
vt 0.8125 0.125
vt 0.8125 0.09375
vt 0.625 0.09375
vt 0.65625 0.3125
vt 0.78125 0.3125
vt 0.78125 0.125
vt 0.65625 0.125
vt 0.65625 0.3125
vt 0.78125 0.3125
vt 0.78125 0.125
vt 0.65625 0.125
vn 0 0 -1
vn 1 0 0
vn 0 0 1
vn -1 0 0
vn 0 1 0
vn 0 -1 0
usemtl exoskeleton
f 956/2472/618 959/2471/618 957/2470/618 954/2469/618
f 955/2476/619 956/2475/619 954/2474/619 953/2473/619
f 960/2480/620 955/2479/620 953/2478/620 958/2477/620
f 959/2484/621 960/2483/621 958/2482/621 957/2481/621
f 958/2488/622 953/2487/622 954/2486/622 957/2485/622
f 959/2492/623 956/2491/623 955/2490/623 960/2489/623
o boots_left_leg_shin_plate
v -0.03125 0.32760902868703545 -0.054990838755521604
v -0.03125 0.30590300647866914 -0.1780918078820476
v -0.03125 0.08140709043398343 -0.011578794338789028
v -0.03125 0.05970106822561713 -0.13467976346531502
v -0.21875 0.30590300647866914 -0.1780918078820476
v -0.21875 0.32760902868703545 -0.054990838755521604
v -0.21875 0.05970106822561713 -0.13467976346531502
v -0.21875 0.08140709043398343 -0.011578794338789028
vt 0.90625 0.625
vt 1 0.625
vt 1 0.5
vt 0.90625 0.5
vt 0.875 0.625
vt 0.9375 0.625
vt 0.9375 0.5
vt 0.875 0.5
vt 0.9375 0.625
vt 0.875 0.625
vt 0.875 0.5
vt 0.9375 0.5
vt 0.90625 0.65625
vt 1 0.65625
vt 1 0.59375
vt 0.90625 0.59375
vt 0.90625 0.53125
vt 1 0.53125
vt 1 0.46875
vt 0.90625 0.46875
vn 0 -0.17364817766693033 -0.984807753012208
vn 1 0 0
vn -1 0 0
vn 0 0.984807753012208 -0.17364817766693033
vn 0 -0.984807753012208 0.17364817766693033
usemtl body
f 964/2496/624 967/2495/624 965/2494/624 962/2493/624
f 963/2500/625 964/2499/625 962/2498/625 961/2497/625
f 967/2504/626 968/2503/626 966/2502/626 965/2501/626
f 966/2508/627 961/2507/627 962/2506/627 965/2505/627
f 967/2512/628 964/2511/628 963/2510/628 968/2509/628
o boots_left_leg_plate1
v -0.030937500000000007 0.12879126073623884 -0.1654029130879204
v -0.030937500000000007 0.08459708691207961 -0.20959708691207962
v -0.030937500000000007 0.0404029130879204 -0.07701456543960195
v -0.030937500000000007 -0.0037912607362388245 -0.12120873926376116
v -0.2809375 0.08459708691207961 -0.20959708691207962
v -0.2809375 0.12879126073623884 -0.1654029130879204
v -0.2809375 -0.0037912607362388245 -0.12120873926376116
v -0.2809375 0.0404029130879204 -0.07701456543960195
vt 0.9375 0.96875
vt 0.96875 0.96875
vt 0.96875 0.9375
vt 0.9375 0.9375
vt 0.9375 0.96875
vt 0.96875 0.96875
vt 0.96875 0.9375
vt 0.9375 0.9375
vt 0.9375 0.96875
vt 0.96875 0.96875
vt 0.96875 0.9375
vt 0.9375 0.9375
vt 0.9375 0.96875
vt 0.96875 0.96875
vt 0.96875 0.9375
vt 0.9375 0.9375
vt 0.9375 0.96875
vt 0.96875 0.96875
vt 0.96875 0.9375
vt 0.9375 0.9375
vn 0 -0.7071067811865476 -0.7071067811865475
vn 1 0 0
vn 0 0.7071067811865476 0.7071067811865475
vn -1 0 0
vn 0 0.7071067811865475 -0.7071067811865476
usemtl body
f 972/2516/629 975/2515/629 973/2514/629 970/2513/629
f 971/2520/630 972/2519/630 970/2518/630 969/2517/630
f 976/2524/631 971/2523/631 969/2522/631 974/2521/631
f 975/2528/632 976/2527/632 974/2526/632 973/2525/632
f 974/2532/633 969/2531/633 970/2530/633 973/2529/633
o boots_left_leg_plate3
v -0.0625 0.0625 -0.15625
v -0.0625 0.0625 -0.21875
v -0.0625 0 -0.15625
v -0.0625 0 -0.21875
v -0.25 0.0625 -0.21875
v -0.25 0.0625 -0.15625
v -0.25 0 -0.21875
v -0.25 0 -0.15625
vt 0.90625 0.625
vt 1 0.625
vt 1 0.59375
vt 0.90625 0.59375
vt 0.90625 0.625
vt 1 0.625
vt 1 0.59375
vt 0.90625 0.59375
vt 0.90625 0.625
vt 1 0.625
vt 1 0.59375
vt 0.90625 0.59375
vt 0.90625 0.625
vt 1 0.625
vt 1 0.59375
vt 0.90625 0.59375
vt 0.90625 0.625
vt 1 0.625
vt 1 0.59375
vt 0.90625 0.59375
vn 0 0 -1
vn 1 0 0
vn -1 0 0
vn 0 1 0
vn 0 -1 0
usemtl body
f 980/2536/634 983/2535/634 981/2534/634 978/2533/634
f 979/2540/635 980/2539/635 978/2538/635 977/2537/635
f 983/2544/636 984/2543/636 982/2542/636 981/2541/636
f 982/2548/637 977/2547/637 978/2546/637 981/2545/637
f 983/2552/638 980/2551/638 979/2550/638 984/2549/638
o boots_left_leg_plate2
v -0.030937500000000007 0.15625 -0.00031249999999999334
v -0.030937500000000007 0.15625 -0.1253125
v -0.030937500000000007 0.09375 -0.00031249999999999334
v -0.030937500000000007 0.09375 -0.1253125
v -0.2809375 0.15625 -0.1253125
v -0.2809375 0.15625 -0.00031249999999999334
v -0.2809375 0.09375 -0.1253125
v -0.2809375 0.09375 -0.00031249999999999334
vt 0.78125 0.4375
vt 0.84375 0.4375
vt 0.84375 0.40625
vt 0.78125 0.40625
vt 0.78125 0.4375
vt 0.84375 0.4375
vt 0.84375 0.40625
vt 0.78125 0.40625
vt 0.78125 0.40625
vt 0.90625 0.40625
vt 0.90625 0.46875
vt 0.78125 0.46875
vt 0.78125 0.4375
vt 0.84375 0.4375
vt 0.84375 0.40625
vt 0.78125 0.40625
vn 0 0 -1
vn -1 0 0
vn 0 1 0
vn 0 -1 0
usemtl body
f 988/2556/639 991/2555/639 989/2554/639 986/2553/639
f 991/2560/640 992/2559/640 990/2558/640 989/2557/640
f 990/2564/641 985/2563/641 986/2562/641 989/2561/641
f 991/2568/642 988/2567/642 987/2566/642 992/2565/642
o excl_boots_left_leg_shin_plate
v 0.0006249999999999867 0.34375 0.125625
v 0.0006249999999999867 0.34375 -0.125625
v 0.0006249999999999867 0.09375 0.125625
v 0.0006249999999999867 0.09375 -0.125625
v -0.250625 0.34375 -0.125625
v -0.250625 0.34375 0.125625
v -0.250625 0.09375 -0.125625
v -0.250625 0.09375 0.125625
vt 0.78125 0.40625
vt 0.90625 0.40625
vt 0.90625 0.28125
vt 0.78125 0.28125
vt 0.90625 0.40625
vt 0.78125 0.40625
vt 0.78125 0.28125
vt 0.90625 0.28125
vt 0.78125 0.40625
vt 0.90625 0.40625
vt 0.90625 0.28125
vt 0.78125 0.28125
vt 0.78125 0.40625
vt 0.90625 0.40625
vt 0.90625 0.28125
vt 0.78125 0.28125
vt 0.78125 0.40625
vt 0.90625 0.40625
vt 0.90625 0.28125
vt 0.78125 0.28125
vt 0.78125 0.40625
vt 0.90625 0.40625
vt 0.90625 0.28125
vt 0.78125 0.28125
vn 0 0 -1
vn 1 0 0
vn 0 0 1
vn -1 0 0
vn 0 1 0
vn 0 -1 0
usemtl body
f 996/2572/643 999/2571/643 997/2570/643 994/2569/643
f 995/2576/644 996/2575/644 994/2574/644 993/2573/644
f 1000/2580/645 995/2579/645 993/2578/645 998/2577/645
f 999/2584/646 1000/2583/646 998/2582/646 997/2581/646
f 998/2588/647 993/2587/647 994/2586/647 997/2585/647
f 999/2592/648 996/2591/648 995/2590/648 1000/2589/648
o boots_left_leg_base1
v 0.0006249999999999867 0.09325 0.184375
v 0.0006249999999999867 0.09325 -0.128125
v 0.0006249999999999867 -0.031749999999999945 0.184375
v 0.0006249999999999867 -0.031749999999999945 -0.128125
v -0.249375 0.09325 -0.128125
v -0.249375 0.09325 0.184375
v -0.249375 -0.031749999999999945 -0.128125
v -0.249375 -0.031749999999999945 0.184375
vt 0.21875 0.75
vt 0.34375 0.75
vt 0.34375 0.6875
vt 0.21875 0.6875
vt 0.21875 0.75
vt 0.375 0.75
vt 0.375 0.6875
vt 0.21875 0.6875
vt 0.21875 0.75
vt 0.34375 0.75
vt 0.34375 0.6875
vt 0.21875 0.6875
vt 0.21875 0.75
vt 0.375 0.75
vt 0.375 0.6875
vt 0.21875 0.6875
vt 0.75 0.875
vt 0.875 0.875
vt 0.875 0.71875
vt 0.75 0.71875
vt 0.75 0.875
vt 0.875 0.875
vt 0.875 0.71875
vt 0.75 0.71875
vn 0 0 -1
vn 1 0 0
vn 0 0 1
vn -1 0 0
vn 0 1 0
vn 0 -1 0
usemtl exoskeleton
f 1004/2596/649 1007/2595/649 1005/2594/649 1002/2593/649
f 1003/2600/650 1004/2599/650 1002/2598/650 1001/2597/650
f 1008/2604/651 1003/2603/651 1001/2602/651 1006/2601/651
f 1007/2608/652 1008/2607/652 1006/2606/652 1005/2605/652
f 1006/2612/653 1001/2611/653 1002/2610/653 1005/2609/653
f 1007/2616/654 1004/2615/654 1003/2614/654 1008/2613/654